publication_number,publication_date,title,abstract,assignee,country,url,cpc_codes,ipc_codes,search_intents,query_plan_ids,matched_terms,source_type,evidence_level,claims_source,description_source,signal_id,signal_type,review_priority,source_quality,source_category,source_title,source_url,source_domain,disclosure_type,related_company,related_project,related_institution,related_technology_terms,evidence_sentences,confidence,verification_status,caveat,next_verification_action,keep_for_evidence_map,rejection_reason
,,,,,,,,,,,,,,,,wsig-be9c3f69ca,national_project,95,high,public_funding,炭素循環社会に貢献するセルロースナノファイバー関連技術開発 | 事業 | NEDO,https://www.nedo.go.jp/activities/ZZJP_100169.html,nedo.go.jp,,,,,,## 研究開発内容.; NEDOのセルロースナノファイバー先端開発技術者養成に係る特別講座（CNF人材育成講座）は実習が半分以上を占め、実際の設備や分析機器を自分で動かして製造や評価を行える極めて実践的な講座であり、好評のうちに2023年度に終了を迎えました。その後も受講希望者が多く、後継講座としてNCJ（ナノセルロースジャパン）にて、4コースの実習講座を開設し、2024年度から募集を開始しています。詳細につきましては、NCJの下記ホームページを参照ください。.; Focus NEDO第81号（2021年7月発行：実用化へのカウントダウン　セルロースナノファイバー）.,medium,needs_human_review,"Web signals are signal candidates, not final conclusions. This is not FTO, infringement, or validity analysis. Public or government source domain; still requires human review for linkage.",Verify funding source page and project linkage.,True,
,,,,,,,,,,,,,,,,wsig-908d1c213c,national_project,95,high,public_funding,革新的新構造材料等研究開発 | 事業 | NEDO,https://www.nedo.go.jp/activities/ZZJP_100077.html,nedo.go.jp,,,,,,# 革新的新構造材料等研究開発.; PDFプロジェクトの概要説明資料「革新的新構造材料等研究開発」（終了時評価）2023年4月21日（金）資料5（8.1MB）.; 動画リンク 別ウィンドウで開きます【nano tech2023】NEDOブース展示放映動画.,medium,needs_human_review,"Web signals are signal candidates, not final conclusions. This is not FTO, infringement, or validity analysis. Public or government source domain; still requires human review for linkage.",Verify funding source page and project linkage.,True,
,,,,,,,,,,,,,,,,wsig-5e4608622f,national_project,95,high,public_funding,次世代航空機の鍵を握るCFRP高レート生産技術の研究開発を本格始動しました | ニュース | NEDO,https://www.nedo.go.jp/news/press/AA5_101858.html,nedo.go.jp,,,,,,# 次世代航空機の鍵を握るCFRP高レート生産技術の研究開発を本格始動しました ―温室効果ガス削減と航空機製造の革新に挑みます―.; NEDOは、「航空機向け革新複合材共通基盤技術開発事業」（以下、本事業）において、炭素繊維強化プラスチック（CFRP）の高レート生産技術に関する研究開発提案を新たに採択しました。.; 複合材料製造技術を革新し、日本の航空機産業の競争力を強化するとともに、航空機の軽量化により二酸化炭素（CO2）削減を図り、脱炭素社会の実現に貢献します。.,medium,needs_human_review,"Web signals are signal candidates, not final conclusions. This is not FTO, infringement, or validity analysis. Public or government source domain; still requires human review for linkage.",Verify funding source page and project linkage.,True,
,,,,,,,,,,,,,,,,wsig-08d810e9a6,national_project,95,high,public_funding,[PDF] 低コストと高性能を両立した炭素繊維の研究開発 - NEDO,https://www.nedo.go.jp/content/100950345.pdf,nedo.go.jp,,,,,,炭素繊維の低コスト化（すなわち，水素貯蔵タンクの低コスト化）によるFCVの普及への貢献を目的とし、本研究.; (炭素繊維開発)の最終目標10$/kgの製造,medium,needs_human_review,"Web signals are signal candidates, not final conclusions. This is not FTO, infringement, or validity analysis. Public or government source domain; still requires human review for linkage.",Verify funding source page and project linkage.,True,
,,,,,,,,,,,,,,,,wsig-3d7ee63d93,national_project,95,high,public_funding,退役航空機から回収する炭素繊維強化プラスチックのリサイクル ...,https://www.nedo.go.jp/news/press/AA5_101933.html,nedo.go.jp,,,,,,NEDOは、航空機に使われる先端素材「炭素繊維強化プラスチック（CFRP）」のリサイクルに関する研究開発として、「次世代航空機向け静脈産業構築事業」に,medium,needs_human_review,"Web signals are signal candidates, not final conclusions. This is not FTO, infringement, or validity analysis. Public or government source domain; still requires human review for linkage.",Verify funding source page and project linkage.,True,
,,,,,,,,,,,,,,,,wsig-1d8ac63314,national_project,95,high,public_funding,開発を終了した課題の評価 - JST,https://www.jst.go.jp/pr/info/info669/hyouka.html,jst.go.jp,,,,,,本新技術では、PAN系炭素繊維に金属アルコキシド溶液を用いてゾル-ゲルコーティングすることで炭素繊維表面に厚さサブミクロンのアルミナセラミックス保護,medium,needs_human_review,"Web signals are signal candidates, not final conclusions. This is not FTO, infringement, or validity analysis. Public or government source domain; still requires human review for linkage.",Verify funding source page and project linkage.,True,
,,,,,,,,,,,,,,,,wsig-2cb05b31fd,national_project,95,high,public_funding,[PDF] プロジェクトの概要（公開版） - NEDO,https://www.nedo.go.jp/content/100959945.pdf,nedo.go.jp,,,,,,プロジェクトの概要（公開版） 2023年4月21日 「革新的新構造材料等研究開発」（終了時評価） 2014年度～2022年度９年間 資料５ 小川貴弘 主査・プロジェクトマネージャー 材料・ナノテクノロジー部 材料・ナノテクノロジー部小川（PM) 高性能材料（構造材料）分野の技術戦略 事業計画 アウトプット目標 自動車や鉄道車両メーカのニーズに基づき、各材料（Ti合金、Mg合金、Al合金、革新 鋼板、ＣＦＲＰ等）の高性能化・低コスト製造プロセス開発・設計加工技術開発の目 標を設定。; ・マルチマテリアル技術：マルチマテリアル設計車体の提案 ・接合技術：目標は組み合わせ毎に設定 ・革新チタン材：引張強度・延性バランスを30%以上向上、自動車部材の試作 ・革新アルミ材：引張強度750MPa、伸び12%以上、自動車部材の試作 ・革新マグネ材：引張強度270MPa、伸び20%以上、高速鉄道車両モックアップ構体試作 ・革新鋼板：引張強度1500MPa以上、伸び20%以上、汎用鋼並み耐食性・水素脆性確保 ・熱可塑性CFRP：大型部材の高速成形技術確立と車体構造への適用 ・革新炭素繊維：耐炎化工程不要の製造技術開発（引張弾性率240GPa、強度4GPa） アウトカム目標 出口戦略 （実用化見込み） 運輸機器の軽量化を実現する構造素材の 研究開発を推進し、世界各国の環境規制 に適合した輸送機器の生産につなげる。; グローバルポジション 開始（2013年）→事業終了時（2023年） ・接合技術 ：RA～DH → DH ・革新チタン材 ：DH → DH～LD ・革新アルミ材 ：RA → DH ・革新マグネ材 ：RA → DH ・革新鋼板 ：DH → DH～LD ・熱可塑性CFRP：DH～LD → LD ・革新炭素繊維：LD → LD 想定する出口イメージ等 既存プロジェクトとの関係 第２期 第３期 第４期 2016 2017 2018 2019 2020 2021 2022 2023 マルチ マテリアル 接合 技術 革新 チタン材 革新 アルミ材 革新 マグネ材 革新 鋼板 熱可塑性 CFRP 革新炭素 繊維 戦略基盤 評価時期 中間 評価 中間 評価 終了時 評価 予算 （億円） 37.1 37.2 35.1 28.3 36.2 30.2 26.9 プロジェクトの概要 ＜研究開発スケジュール・評価時期・想定する予算規模＞ 期間：２０１３～２０２２年度（１０年間） 総事業費（ＮＥＤＯ負担分）：およそ３７8億円（委託） 自動車の燃費改善、電費向上に係る課題には、動力 機関の効率向上、電池性能向上、車両の軽量化、空 気抵抗軽減などがある。中でもエンジン燃焼効率の向上 や電池容量の向上に向けた研究開発は精力的に取り 組まれている。これに加えて車両の軽量化もまた、燃費 改善、航続距離延伸に繋がる重要な取組課題の一つ になっている。,medium,needs_human_review,"Web signals are signal candidates, not final conclusions. This is not FTO, infringement, or validity analysis. Public or government source domain; still requires human review for linkage.",Verify funding source page and project linkage.,True,
,,,,,,,,,,,,,,,,wsig-aca8a891d0,national_project,95,high,national_project,[PDF] 革新炭素繊維基盤技術開発 の概要について - 経済産業省,https://www.meti.go.jp/shingikai/sankoshin/sangyo_gijutsu/kenkyu_innovation/hyoka_wg/pdf/008_s01_00.pdf,meti.go.jp,,,,,,本事業は、我が国の炭素繊維の国際優位性を維持し、かつ、国内における炭素繊維.,medium,needs_human_review,"Web signals are signal candidates, not final conclusions. This is not FTO, infringement, or validity analysis. Public or government source domain; still requires human review for linkage.",Verify funding source page and project linkage.,True,
,,,,,,,,,,,,,,,,wsig-b90bc93101,grant,95,high,national_project,繊維（METI/経済産業省）,https://www.meti.go.jp/policy/mono_info_service/mono/fiber/index.html,meti.go.jp,,,,,,## 繊維産業の監査要求事項・評価基準「Japanese Audit Standard for Textile Industry（JASTI）」を策定.; 経済産業省では2023年9月より「繊維産業における責任ある企業行動ルール形成戦略研究会」（座長：新宅純二郎　明治大学経営学部特任教授）を立ち上げ、その下に設置した「JASTI策定検討ワーキンググループ」等を通じて議論を重ねた上で、国際認証やイニシアティブ等の取組を考慮しつつ、我が国繊維産業の実態を踏まえた監査要求事項・評価基準「Japanese Audit Standard for Textile Industry （JASTI）」の策定及び第三者監査制度の運用体制の構築について検討し、2025年3月19日の「産業構造審議会　製造産業分科会　繊維産業小委員会」を経てJASTIを策定しました。.; E-mail：bzl-seni-kintaikanri@meti.go.jp.,medium,needs_human_review,"Web signals are signal candidates, not final conclusions. This is not FTO, infringement, or validity analysis. Public or government source domain; still requires human review for linkage.",Verify funding source page and project linkage.,True,
,,,,,,,,,,,,,,,,wsig-188f614a99,grant,95,high,public_funding,[PDF] 低コストと  性能を両  した炭素繊維の研究開発 - NEDO,https://www.nedo.go.jp/content/800030706.pdf,nedo.go.jp,,,,,,"2020 年度 2021 年度 2022 年度 2023 年度 2024 年度 計 特許出願（うち外国出願） ０ ０ 1 1(１) 1 3件 • 研究開発の成果と意義，学会発表、広報等の取り組み 11 ３．研究開発成果について 等⽅原料 乱層（⾮晶）炭素 （無配向繊維） そのまま 炭素化 等⽅性原料由来炭素繊維 弾性率100GPa以下, 強度1.0GPa以下 π-π積層化 相互作⽤ 剛直⾼分⼦ 添加 収率up:70% 繊維⻑さ⽅向に 配向した炭素 弾性率240GPa以上, 強度4.0GPa以上の実現 10.0μm n 座礁資源 低コスト メソフェーズ化 分子量 メソゲン成分 溶媒成分 1 原料混合 （任意の混合⽐で混ぜる） 炭素繊維 前駆体調製 溶媒分⼦ メソゲン分⼦ メソフェーズピッチ ・メソゲンと溶媒分⼦を 適切に選んで混合するだ け︕︕ メリット ・現時点、将来的にゴミ となり得る原料から⾼級 炭素繊維が製造可能︕︕ ・原料価格が極めて安い （参考価格︓0.01~0.2＄） ⽯炭残渣（メソゲン分⼦）/⽯油残渣（溶媒分⼦） （50/50） ⿊鉛化（2800℃, 10 min, アルゴン雰囲 気） 炭素化（1000℃, 30 min, 真空） ヤング 弾性率 延伸率 引張強度 繊維径 ヤング 弾性率 延伸率 引張強度 繊維径 [GPa] [%] [GPa] [μm] [GPa] [%] [GPa] [μm] 680±40 0.5±0.1 4.2 ±0.5 7.9±0.4 190±30 1.4±0.2 2.8±0.6 9.1±0.7 座礁資源原料の 溶融紡⽷ 配合により，PANライクな炭素繊維も製造可能︕︕ 世界最大の炭素材料の祭典（Carbon 2025） 基調講演として招待！ （岐阜大；入澤，九大；中林，信州大；宝田） • 実⽤化・事業化のイメージ（成果がどのように使われるか） 12 ４．今後の⾒通しについて CF製造⼤⼿企業の参画はもちろん，新規参⼊を⽬指す企業， ⼤学発ベンチャーも参加し，実⽤化検証を加速する体制を構築中 国内唯一の炭素繊維 開発ライン（in 岐阜大学） 著名な事業化⽀援・推進サポートに採択！ https://www.1stround.jp 製糸工程 焼成工程 従来の芳香族性高分子 （強酸にのみ溶解） 改良型の芳香族性高分子 （シクロヘキサンを約20%含む） 課題 安全性・廃液・他成分との複合化 目的：有機溶媒に可溶性を有する前駆体の開発 出発物質のテレフタル酸に1,4-シクロヘキサンジカルボン酸を組み合わせ， ベンゼン環の一部をシクロヘキサンに変換 原料製造 ⽤途 トータルマネージメント 協⼒企業のOEMが参画 化学メーカー， ⽯油メーカー等 繊維メーカー 炭素繊維メーカー ⽤途企業 ４⼤学１国⽴研究機関の知を結集！！ • 実⽤化・事業化に対する今後の課題と対応⽅針 13 ４．今後の⾒通しについて fff (fortississimo) さらにもっと強く FFF (Future Fiber Factory) 未来の繊維工場 東海国⽴⼤学機構岐⾩⼤学 ⼯場⻑ ⼊澤寿平准教授 同機構名古屋⼤学 他⼤学 公的研究機関 連携 研究員の招聘 共同研究企業 技術移転 研究費 講座設⽴費 機構内発 ベンチャー企業 （２社） 成果物の 即時，事業化 省庁等競争的研究費，地方自治体補助金等 委託，助成研究費 ⽬的︓ ・世界を代表する繊維開発研究機関として機能 ・東海地区の繊維産業の強化と新しい繊維材料の創出 ・中⼩企業の技術⽀援，ベンチャー企業の創出 ⽤途開拓まで⽬指した炭素繊維開発を実施する︕ • 実⽤化・事業化に向けた具体的な取り組み（計画や戦略等） 14 ４．今後の⾒通しについて 2035年 2030年度 2029年度 2028年度 2027年度 2026年度 2025年度 新開発炭素繊維 炭素繊維の試作 （fff社⾃⼰資⾦で実施） ⽤途企業における実証試験 特許出願繊維 弾性率180GPa,強度2.0GPa以上 実⽤化 弾性率240GPa 強度4.0GPa 弾性率280GPa 強度5.8GPa ⽔素タンク同等品 数⼗ー数百kgの試作開始 実証完了 ⽤途部材試作 部材としての実⽤化の 数⼗tの試作 試作販売 開始 1万t/年 数⼗ー数百kgの試作開始 数⼗tの試作 実証完了 ⽔素タンク試作 ⾼級 性能部材 への採⽤ 15万t/年.",medium,needs_human_review,"Web signals are signal candidates, not final conclusions. This is not FTO, infringement, or validity analysis. Public or government source domain; still requires human review for linkage.",Verify funding source page and project linkage.,True,
,,,,,,,,,,,,,,,,wsig-ab28cb4d8c,national_project,95,high,public_funding,[PDF] 「先端機能発現型新構造繊維部材基盤技術の開発」 事後評価報告書,https://www.nedo.go.jp/content/100496844.pdf,nedo.go.jp,,,,,,引き続きF/S 調査 （平成16年度 「新 構造繊維部材の実用化課題の調査」 ）によりシーズの検証を行い、 「我が国の強みである繊維 を基とした新構造繊維部材は、セパレータ、フィルター、高強度構造材など多くの産業分野へ の応用が可能であり、特にＩＴ分野（2 次電池） 、環境分野（フィルター） 、バイオ分野におけ る本格的な実用化のためには研究開発プロジェクトにより組織的に対応する必要がある」との 結論を得た。以上の結果を受けて、部材技術マップに「環境・エネルギー分野－フィルター、 二次電池用活物質」に求められる高機能部材として、繊維・樹脂分野の新素材開発による創成 を追加し、ユーザーの要望に対応する高度部材を供給するための繊維の極微細加工と高次複合 化を実現可能とする基盤技術開発とその成果を活用する実用化開発からなる本プロジェクトを 創成した。; 材料技術は、材料の特性・機能の向上が製品機能の向上に直結するなど産業技術全般に大き な波及効果をもたらす基盤技術であるが、昨今の国際競争の激化により、さらなる飛躍的発展 のキーテクノロジーとして革新的な新材料創製技術が求められている。総合科学技術会議の科 学技術基本政策策定の基本方針においても、 「ナノテクノロジー・材料分野」 を国家的・社会的 課題に対応した研究開発の重点化対象とすることについては、多様な視点から概ね妥当と評価 しうるとされている。; 先端機能発現型新構造繊維部材基盤技術の開発は、豊かで快適な人間生活を送りたいという 国民の願望のもとに高度情報社会、省エネ・省資源、安全・安心、健康長寿命を目指した社会 の実現に向けて、科学的知見を基盤に革新的な新材料創製技術を通じて深く寄与するものであ る。また、技術戦略マップの「環境・エネルギー分野、燃料電池、情報家電分野、医療・福祉 ／安全・安心分野」等にも位置づけられている。特に近年の状況は、海外においても、米国や ヨーロッパを中心にこの方面の研究開発に資金や研究者開発者を投入して精力的な取り組みが なされており、グローバルな開発競争となっている。しかしわが国の現状は、高い科学的水準 や技術開発力を有しているにもかかわらず、大学・研究機関や民間会社において個別に行われ ているにすぎない。このため、ＮＥＤＯは、産学の科学的、技術的ポテンシャルを結集して、 共通基盤技術（水平）の上に複数の実用化技術（垂直）の展開を図るというこれまでにない新 しいプロジェクト形式を組み、産学の連携を推進しつつ産業技術を組織的かつ戦略的に展開す ることを事業方針とし、本プロジェクトを実施する。,medium,needs_human_review,"Web signals are signal candidates, not final conclusions. This is not FTO, infringement, or validity analysis. Public or government source domain; still requires human review for linkage.",Verify funding source page and project linkage.,True,
,,,,,,,,,,,,,,,,wsig-cce5fc6223,national_project,95,high,public_funding,[PDF] 革新的新構造材料等研究開発 - NEDO,https://www.nedo.go.jp/content/100964138.pdf,nedo.go.jp,,,,,,PAN 系前駆体を用いた耐炎化糸を使用したマイクロ波炭素化実験,medium,needs_human_review,"Web signals are signal candidates, not final conclusions. This is not FTO, infringement, or validity analysis. Public or government source domain; still requires human review for linkage.",Verify funding source page and project linkage.,True,
,,,,,,,,,,,,,,,,wsig-a670db270d,national_project,95,high,public_funding,[PDF] 先端機能発現型新構造繊維部材基盤技術の開発プロジェクト - NEDO,https://www.nedo.go.jp/content/100185762.pdf,nedo.go.jp,,,,,,引き続きF/S 調査 （平成16年度 「新 構造繊維部材の実用化課題の調査」 ）によりシーズの検証を行い、 「我が国の強みである繊維 を基とした新構造繊維部材は、セパレータ、フィルター、高強度構造材など多くの産業分野へ の応用が可能であり、特にＩＴ分野（2 次電池） 、環境分野（フィルター） 、バイオ分野におけ る本格的な実用化のためには研究開発プロジェクトにより組織的に対応する必要がある」との 結論を得た。以上の結果を受けて、部材技術マップに「環境・エネルギー分野－フィルター、 二次電池用活物質」に求められる高機能部材として、繊維・樹脂分野の新素材開発による創成 を追加し、ユーザーの要望に対応する高度部材を供給するための繊維の極微細加工と高次複合 化を実現可能とする基盤技術開発とその成果を活用する実用化開発からなる本プロジェクトを 創成した。; 材料技術は、材料の特性・機能の向上が製品機能の向上に直結するなど産業技術全般に大き な波及効果をもたらす基盤技術であるが、昨今の国際競争の激化により、さらなる飛躍的発展 のキーテクノロジーとして革新的な新材料創製技術が求められている。総合科学技術会議の科 学技術基本政策策定の基本方針においても、 「ナノテクノロジー・材料分野」 を国家的・社会的 課題に対応した研究開発の重点化対象とすることについては、多様な視点から概ね妥当と評価 しうるとされている。; 先端機能発現型新構造繊維部材基盤技術の開発は、豊かで快適な人間生活を送りたいという 国民の願望のもとに高度情報社会、省エネ・省資源、安全・安心、健康長寿命を目指した社会 の実現に向けて、科学的知見を基盤に革新的な新材料創製技術を通じて深く寄与するものであ る。また、技術戦略マップの「環境・エネルギー分野、燃料電池、情報家電分野、医療・福祉 ／安全・安心分野」等にも位置づけられている。特に近年の状況は、海外においても、米国や ヨーロッパを中心にこの方面の研究開発に資金や研究者開発者を投入して精力的な取り組みが なされており、グローバルな開発競争となっている。しかしわが国の現状は、高い科学的水準 や技術開発力を有しているにもかかわらず、大学・研究機関や民間会社において個別に行われ ているにすぎない。このため、ＮＥＤＯは、産学の科学的、技術的ポテンシャルを結集して、 共通基盤技術（水平）の上に複数の実用化技術（垂直）の展開を図るというこれまでにない新 しいプロジェクト形式を組み、産学の連携を推進しつつ産業技術を組織的かつ戦略的に展開す ることを事業方針とし、本プロジェクトを実施する。,medium,needs_human_review,"Web signals are signal candidates, not final conclusions. This is not FTO, infringement, or validity analysis. Public or government source domain; still requires human review for linkage.",Verify funding source page and project linkage.,True,
,,,,,,,,,,,,,,,,wsig-5b2b700673,national_project,95,high,public_funding,[PDF] PAN系炭素繊維（現在の主流） 本事業のアウトライン - NEDO,https://www.nedo.go.jp/content/100937504.pdf,nedo.go.jp,,,,,,PAN系炭素繊維(現在の主流) PAN系炭素繊維の製造コスト($30/kg) 炭素繊維はコスト全体のおよそ60% 高性能かつ低価格な炭素繊維の研究.; NEDO 継続判断,medium,needs_human_review,"Web signals are signal candidates, not final conclusions. This is not FTO, infringement, or validity analysis. Public or government source domain; still requires human review for linkage.",Verify funding source page and project linkage.,True,
,,,,,,,,,,,,,,,,wsig-9b492e3187,national_project,95,high,public_funding,[PDF] 革新的新構造材料等研究開発 - NEDO,https://www.nedo.go.jp/content/100765842.pdf,nedo.go.jp,,,,,,樹脂 (Carbon Fiber Reinforced Plastics.; PAN Polyacrylonitrile 有機高分子の一種で、アクリロニトリル を重合させて得られる。PAN アクリル、モダクリ,medium,needs_human_review,"Web signals are signal candidates, not final conclusions. This is not FTO, infringement, or validity analysis. Public or government source domain; still requires human review for linkage.",Verify funding source page and project linkage.,True,
,,,,,,,,,,,,,,,,wsig-dd47e50d2b,national_project,95,high,public_funding,[PDF] (添付-2) プロジェクト用語集 - NEDO,https://www.nedo.go.jp/content/100871523.pdf,nedo.go.jp,,,,,,CF carbon fiber。炭素繊維。; CFRP carbon fiber reinforced plastics。炭素繊維強化複合材料。炭素繊維を樹脂の中に入れ、 PAN Polyacrylonitrile。ポリアクリロニトリル,medium,needs_human_review,"Web signals are signal candidates, not final conclusions. This is not FTO, infringement, or validity analysis. Public or government source domain; still requires human review for linkage.",Verify funding source page and project linkage.,True,
,,,,,,,,,,,,,,,,wsig-ef58db7965,national_project,95,high,national_project,[PDF] ANTI-DUMPING MEASURES,https://www.meti.go.jp/english/report/data/2019WTO/pdf/02_06.pdf,meti.go.jp,,,,,,Polyacrylonitrile Fiber 2016.07.14 time in eleven years since 2006.,medium,needs_human_review,"Web signals are signal candidates, not final conclusions. This is not FTO, infringement, or validity analysis. Public or government source domain; still requires human review for linkage.",Verify funding source page and project linkage.,True,
,,,,,,,,,,,,,,,,wsig-3d69607c79,national_project,95,high,national_project,[PDF] Figure 2-4-1 Prospect of Japan's labor population,https://www.meti.go.jp/english/report/downloadfiles/2008WhitePaper/2-4.pdf,meti.go.jp,,,,,,"As of 1981, the 14 specified industries included nylon long fiber manufacturing, polyacrylonitrile short fiber manufacturing, polyacrylonitrile short fiber",medium,needs_human_review,"Web signals are signal candidates, not final conclusions. This is not FTO, infringement, or validity analysis. Public or government source domain; still requires human review for linkage.",Verify funding source page and project linkage.,True,
,,,,,,,,,,,,,,,,wsig-6be348345a,national_project,95,high,national_project,[PDF] 令和 5 年度カーボンニュートラル実現シナリオ 構築等に向けた国際 ...,https://www.meti.go.jp/meti_lib/report/2023FY/000328.pdf,meti.go.jp,,,,,,"NEDO is working on two hydrogen carriers including liquified hydrogen, and successfully developed a tanker which is now moving to develop at",medium,needs_human_review,"Web signals are signal candidates, not final conclusions. This is not FTO, infringement, or validity analysis. Public or government source domain; still requires human review for linkage.",Verify funding source page and project linkage.,True,
,,,,,,,,,,,,,,,,wsig-4911f31a54,national_project,95,high,national_project,[PDF] Economic Research Institute for ASEAN and East Asia and ...,https://www.meti.go.jp/policy/energy_environment/global_warming/azec/1st_leaders_meeting/1st_azec_lm_progressreport_en.pdf,meti.go.jp,,,,,,"• Funding organization, Contents Terms: NEDO, JCM Low-carbon Demonstration Project.",medium,needs_human_review,"Web signals are signal candidates, not final conclusions. This is not FTO, infringement, or validity analysis. Public or government source domain; still requires human review for linkage.",Verify funding source page and project linkage.,True,
,,,,,,,,,,,,,,,,wsig-d0fbc69a05,national_project,95,high,public_funding,[PDF] Cellulose Nanofibers - NEDO,https://www.nedo.go.jp/content/100936595.pdf,nedo.go.jp,,,,,,"Contents 02 Pick Up News Green Innovation Fund Program Bold Investments to Create Positive Cycle of Economic Growth and Environmental Protection and Realize Carbon Neutrality by 2050 14 NEDO Course Course to Develop Human Resources Capable of Working on Creation of New CNF Products 16 Project Report Development of Technologies for Manufactur-ing Processes of Chemicals Derived from Inedible Plants 10 Applied Technology Projects Daiken Corporation/Risho Kogyo Co., Ltd./Shinwa Corporation 12 Safety Assessment Projects National Institute of Advanced Industrial Science and Technology (AIST) University of Fukui 04 2021 No.81 Countdown to Commercialization Cellulose Nanofibers 06 Project Leader Interview Cellulose Nanofiber-related Technology Development to Contribute to a Carbon Cycle Society Project Leader Dr.; 08 PICK UP NEWS Bold Investments to Create Virtuous Cycle of Economy and Environment and Realize Carbon Neutrality in 2050 https://www.nedo.go.jp/activities/ green-innovation.html （Only available in Japanese) Portal site for Green Innovation Fund Program Efforts toward realizing a green society Special Report 02 Focus NEDO 2021 No.81 The main targets are projects with total costs equaling at least the average level of conventional R&D projects carried out by NEDO and other organizations (approximately 20 billion yen).",medium,needs_human_review,"Web signals are signal candidates, not final conclusions. This is not FTO, infringement, or validity analysis. Public or government source domain; still requires human review for linkage.",Verify funding source page and project linkage.,True,
,,,,,,,,,,,,,,,,wsig-b8598aa438,national_project,95,high,public_funding,[PDF] Unutilized Thermal Energy Technologies - NEDO,https://www.nedo.go.jp/content/100959529.pdf,nedo.go.jp,,,,,,"Promising NEDO Startups Mobility Energy Circulation Co., Ltd.; 18 NEDO Information 20 02 FEATURED NEWS Completion of Japan’s First Demonstration Facility to Develop Carbon Recycling Technologies Using Multifaceted Approaches CONTENTS 2023 No.87 06 Supporting Efforts to Realize Energy Conservation and Carbon Neutrality by Maximizing Use of Heat, the Ultimate Form of Energy, and Improve Japan’s Competitiveness Realizing Heat Pumps with Maximum Heating Temperature of 200°C to Efficiently Utilize Waste Heat from Factories, Mayekawa Manufacturing Co., Ltd.; 12 Survey Conducted on Conditions Related to Waste Heat for 1,273 Factories in 15 Sectors, The Energy Conservation Center, Japan 08 Development of Thermal Energy Storage Technology to Meet Heat Demand of Around 10°C and Realize Energy Conservation, Panasonic Corporation 09 Realizing High Levels of Efficiency and Energy Conservation in Industrial Furnaces by Combining Fiber-free Insulators and Peripheral Components, Mino Ceramic Co., Ltd.",medium,needs_human_review,"Web signals are signal candidates, not final conclusions. This is not FTO, infringement, or validity analysis. Public or government source domain; still requires human review for linkage.",Verify funding source page and project linkage.,True,
,,,,,,,,,,,,,,,,wsig-94debad0bc,national_project,95,high,public_funding,[PDF] Innovative New Construction Material - JST,https://www.jst.go.jp/EN/achievements/research/pdf/shoichi_ikebata-kiyoshi_uzawa2018.pdf,jst.go.jp,,,,,,Japan's first carbon fiber composite established JIS as tension member for seismic reinforcement.; Innovative thermoplastic carbon fiber composite.,medium,needs_human_review,"Web signals are signal candidates, not final conclusions. This is not FTO, infringement, or validity analysis. Public or government source domain; still requires human review for linkage.",Verify funding source page and project linkage.,True,
,,,,,,,,,,,,,,,,wsig-3e3c2dc0ba,national_project,95,high,public_funding,"""Sustainable Society"" mission area: Full-scale R&D Project - JST",https://www.jst.go.jp/mirai/en/program/sustainable/JPMJMI22C1.html,jst.go.jp,,,,,,"Carbon Fiber Resigned Plastics (CFRP) CFRP is expected to be significantly lighter in airplanes and automobiles, effectively reduce carbon dioxide emissions.",medium,needs_human_review,"Web signals are signal candidates, not final conclusions. This is not FTO, infringement, or validity analysis. Public or government source domain; still requires human review for linkage.",Verify funding source page and project linkage.,True,
,,,,,,,,,,,,,,,,wsig-ca7876878c,national_project,95,high,public_funding,Research Results - Innovative New Construction Material - JST,https://www.jst.go.jp/EN/achievements/research/shoichi_ikebata-kiyoshi_uzawa2018.html,jst.go.jp,,,,,,"Japan's first carbon fiber composite established JIS as tension member for seismic reinforcement.; JST's Center Of Innovation program in creating the ""CABKOMA",medium,needs_human_review,"Web signals are signal candidates, not final conclusions. This is not FTO, infringement, or validity analysis. Public or government source domain; still requires human review for linkage.",Verify funding source page and project linkage.,True,
,,,,,,,,,,,,,,,,wsig-7cddf8ef35,national_project,95,high,public_funding,[Materials development and recycling] Year Started : 2025 | CREST,https://www.jst.go.jp/kisoken/crest/en/project/1111125/1111125_2025.html,jst.go.jp,,,,,,A strength prediction model capable of predicting the mechanical properties of injection-molded composites reinforced with short carbon fibers,medium,needs_human_review,"Web signals are signal candidates, not final conclusions. This is not FTO, infringement, or validity analysis. Public or government source domain; still requires human review for linkage.",Verify funding source page and project linkage.,True,
,,,,,,,,,,,,,,,,wsig-995704fc6d,money,95,high,public_funding,[PDF] 事業の最終目標相当の炭素繊維の製造に成功 岐阜大学内に ... - NEDO,https://www.nedo.go.jp/content/800030816.pdf,nedo.go.jp,,,,,,"NEDO水素・アンモニア成果報告会2025 団体名： 発表日：2025年7月 日 発表No.; 16 燃料電池等利用の飛躍的拡大に向けた共通課題解決型産学官連携研究開発事業/水素利用等高度化先端技術開発 P2-2 連絡先：東海国立大学機構岐阜大学入澤寿平 E-mail: irisawa.toshihira.g3@f.gifu-u.ac.jp TEL: 058-293-2530 URL: https://researchmap.jp/7000016505 (委託先)東海国立大学機構岐阜大学，九州大学(再委託先)京都工芸繊維大学，産業技術総合研究所，信州大学 低コストと高性能を両立した炭素繊維の研究開発 本研究開発の背景とコンセプト 目標と顕著な成果 引張強度 GPa 引張弾性率 GPa 製造コスト $ /k g 5.8 280 10 本研究開発の最終⽬標2 0 3 0 年 1.72 172 11-15.4 ⽶国で定められた⽬標値 1.72-2.96 136-235 15.7 ⾐料⽤PAN 系炭素繊維 2.5 173-214 -溶融紡⽷PAN 系炭素繊維 2.0 200 15.2 リグニン系炭素繊維 1.7 170 -本研究中間⽬標①( 2 0 2 2 年3 ⽉) 3.5 230 -本研究中間⽬標②( 2 0 2 4 年3 ⽉) 4.8 240 -本研究終了時⽬標 海外 等⽅原料 乱層（⾮晶）炭素 （無配向繊維） そのまま 炭素化 等⽅性原料由来炭素繊維 弾性率100GPa以下, 強度1.0GPa以下 π-π積層化 相互作⽤ 剛直⾼分⼦ 添加 収率up:70% 繊維⻑さ⽅向に 配向した炭素 弾性率240GPa以上, 強度4.0GPa以上の実現 10.0μm n 事業の最終目標相当の炭素繊維の製造に成功 今後の実用化・事業化に向けて 岐阜大学内に国内公的研究機関として唯一炭素繊維工場を整備し，研究を加速！！ アカデミア → ベンチャー企業を活用した，社会実装体制の構築を目指す！ ４大学１国立研究機関の知を結集！！.",medium,needs_human_review,"Web signals are signal candidates, not final conclusions. This is not FTO, infringement, or validity analysis. Public or government source domain; still requires human review for linkage.",Verify funding source page and project linkage.,True,
,,,,,,,,,,,,,,,,wsig-eaec1b7f38,money,95,high,public_funding,次世代航空機向け静脈産業構築事業 | 事業 | NEDO,https://www.nedo.go.jp/activities/ZZJP_100388.html,nedo.go.jp,,,,,,本プロジェクトは、退役航空機からのCFRP（Carbon Fiber Reinforced Plastics）廃材の解体・切断から航空機への適用に至るリサイクルサプライチェーンの成立条件と課題を明確化し、事業の採算性を最適化したサプライチェーン基盤を構築するものです。.; 事業概要：〔1〕サプライチェーン構築、〔2〕高効率切断、〔3〕炭素繊維回収、プリプレグ製造、〔4〕適用(成形・実証).; ## 研究開発内容.,medium,needs_human_review,"Web signals are signal candidates, not final conclusions. This is not FTO, infringement, or validity analysis. Public or government source domain; still requires human review for linkage.",Verify funding source page and project linkage.,True,
,,,,,,,,,,,,,,,,wsig-1322c04ba3,grant,95,high,public_funding,低コストで高強度な炭素繊維強化アルミニウム基複合材料を製造する技術の開発に成功,https://www.jst.go.jp/pr/info/info669/index.html,jst.go.jp,,,,,,# 低コストで高強度な炭素繊維強化アルミニウム基複合材料を製造する 技術の開発に成功.; ＪＳＴ（理事長　北澤 宏一）はこのほど、独創的シーズ展開事業・委託開発の開発課題「炭素繊維強化アルミニウム基複合材料」の開発結果を成功と認定しました。.; 炭素繊維とアルミニウムの複合材料については、石油ピッチを原料とするピッチ系炭素繊維注１）を用いた材料が一部実用化されているものの高価であるため用途が限られています。一方、安価なポリアクリロニトリル（ＰＡＮ）系炭素繊維注２）を用いる複合材料については、熔融したアルミニウムとの複合化時に高温のアルミニウムと炭素繊維が界面反応を起こして炭素繊維が劣化し機械的強度が低下するという問題がありました。.,medium,needs_human_review,"Web signals are signal candidates, not final conclusions. This is not FTO, infringement, or validity analysis. Public or government source domain; still requires human review for linkage.",Verify funding source page and project linkage.,True,
,,,,,,,,,,,,,,,,wsig-38341bfeb0,national_project,85,high,government,炭素繊維強化プラスチックを用いた深海掘削用軽量 マリンライザー ...,https://www.jstage.jst.go.jp/article/japt/78/5/78_388/_pdf/-char/en,jstage.jst.go.jp,,,,,,炭素繊維は出発原料によって PAN 系と.; 高弾性のメソフェーズピッチ系炭素繊維を採用すること.,medium,needs_human_review,"Web signals are signal candidates, not final conclusions. This is not FTO, infringement, or validity analysis. Public or government source domain; still requires human review for linkage.",Verify funding source page and project linkage.,True,
,,,,,,,,,,,,,,,,wsig-081c199a6d,national_project,85,high,government,炭素繊維と CFRP について - J-Stage,https://www.jstage.jst.go.jp/article/mcwmr/24/5/24_343/_pdf,jstage.jst.go.jp,,,,,,そこで，PAN 系炭素繊維の.; 焼成には，まず 200℃での炭化工程を行った後，炭素化.; らかにした。これらの成果が PAN 系,medium,needs_human_review,"Web signals are signal candidates, not final conclusions. This is not FTO, infringement, or validity analysis. Public or government source domain; still requires human review for linkage.",Verify funding source page and project linkage.,True,
,,,,,,,,,,,,,,,,wsig-578dde16bd,national_project,85,high,government,"炭素繊維強化熱可塑性プラスチック -現状,応用分野および課題",https://jglobal.jst.go.jp/detail?JGLOBAL_ID=201502294970657536,jglobal.jst.go.jp,,,,,,"本稿では,今後さらなる発展が期待されるCFRPとそのベースとなる炭素繊維について現状と将来の展望を示した。まず炭素繊維の歴史として,大きくPAN系とピッチ系があり,等方性",medium,needs_human_review,"Web signals are signal candidates, not final conclusions. This is not FTO, infringement, or validity analysis. Public or government source domain; still requires human review for linkage.",Verify funding source page and project linkage.,True,
,,,,,,,,,,,,,,,,wsig-8ceb042989,national_project,85,high,government,炭素繊維(PAN系)の 進歩と今後の展開 - J-Stage,https://www.jstage.jst.go.jp/article/fiber1944/51/9/51_9_P376/_pdf,jstage.jst.go.jp,,,,,,本稿では前半でPAN系.; 炭素繊維の最近の技術進歩.,medium,needs_human_review,"Web signals are signal candidates, not final conclusions. This is not FTO, infringement, or validity analysis. Public or government source domain; still requires human review for linkage.",Verify funding source page and project linkage.,True,
,,,,,,,,,,,,,,,,wsig-6521feb48a,national_project,85,high,government,[PDF] 過熱水蒸気を利用した CFRP（炭素繊維強化プラスチック） の ...,https://www.chubu.meti.go.jp/b35innovation/meetupchubu/event/pdf/slide78-10.pdf,chubu.meti.go.jp,,,,,,プロジェクト，経済産業省・.; 戦略的基盤技術高度化支援事業（サポイン事業），NEDO委託事業「革新.; 的新構造材料等研究開発」の一環として実施した。,medium,needs_human_review,"Web signals are signal candidates, not final conclusions. This is not FTO, infringement, or validity analysis. Public or government source domain; still requires human review for linkage.",Verify funding source page and project linkage.,True,
,,,,,,,,,,,,,,,,wsig-2460f9983a,national_project,85,high,government,夢の新素材！知ってますか？ | もうけの花道（経済産業省中国経済 ...,https://www.chugoku.meti.go.jp/ip/contents/39,chugoku.meti.go.jp,,,,,,そこで、広島県は炭素繊維プロジェクトチームを立ち上げ、広島県内自動車関連産業支援を主な目的として、低コストかつ生産性の高い「広島県独自の炭素繊維複合材料加工技術,medium,needs_human_review,"Web signals are signal candidates, not final conclusions. This is not FTO, infringement, or validity analysis. Public or government source domain; still requires human review for linkage.",Verify funding source page and project linkage.,True,
,,,,,,,,,,,,,,,,wsig-43faf6ffc4,grant,85,high,public_funding,[PDF] Progress in the Field of Reducing Fluorocarbon Emissions | NEDO,https://www.nedo.go.jp/content/100555304.pdf,nedo.go.jp,,,,,,,medium,needs_human_review,"Web signals are signal candidates, not final conclusions. This is not FTO, infringement, or validity analysis. Public or government source domain; still requires human review for linkage.",Verify funding source page and project linkage.,True,
,,,,,,,,,,,,,,,,wsig-2f6fe156a3,national_project,85,high,government,Carbon fiber reinforced shape memory epoxy composites with ...,http://jglobal.jst.go.jp/en/public/201902211551778620,jglobal.jst.go.jp,,,,,,Carbon fiber reinforced shape memory epoxy composites with superior mechanical performances ...,medium,needs_human_review,"Web signals are signal candidates, not final conclusions. This is not FTO, infringement, or validity analysis. Public or government source domain; still requires human review for linkage.",Verify funding source page and project linkage.,True,
