issue_id,case_id,candidate_id,issue_type,severity,message,publication_number,raw_row_number
case_01_pan_graphitization:dup:case_01_pan_graphitization:lc:1721790eaa,case_01_pan_graphitization,case_01_pan_graphitization:lc:1721790eaa,duplicate,info,duplicate_of=case_01_pan_graphitization:lc:c40f67f5d4,CN116657283A,3
case_01_pan_graphitization:dup:case_01_pan_graphitization:lc:297bab3123,case_01_pan_graphitization,case_01_pan_graphitization:lc:297bab3123,duplicate,info,duplicate_of=case_01_pan_graphitization:lc:9ad4c602c9,CN120967552A,9
case_01_pan_graphitization:dup:case_01_pan_graphitization:lc:dabb545ef4,case_01_pan_graphitization,case_01_pan_graphitization:lc:dabb545ef4,duplicate,info,duplicate_of=case_01_pan_graphitization:lc:febb98a726,CN111621878A,13
case_01_pan_graphitization:dup:case_01_pan_graphitization:lc:9b4800216b,case_01_pan_graphitization,case_01_pan_graphitization:lc:9b4800216b,duplicate,info,duplicate_of=case_01_pan_graphitization:lc:23e369df4f,CN121137864A,17
case_01_pan_graphitization:dup:case_01_pan_graphitization:lc:7b0765bb61,case_01_pan_graphitization,case_01_pan_graphitization:lc:7b0765bb61,duplicate,info,duplicate_of=case_01_pan_graphitization:lc:23e369df4f,CN111691011B,20
case_01_pan_graphitization:dup:case_01_pan_graphitization:lc:9f2b535d83,case_01_pan_graphitization,case_01_pan_graphitization:lc:9f2b535d83,duplicate,info,duplicate_of=case_01_pan_graphitization:lc:fe2960dd0c,CN114855306A,22
case_01_pan_graphitization:dup:case_01_pan_graphitization:lc:95b3a4bc4d,case_01_pan_graphitization,case_01_pan_graphitization:lc:95b3a4bc4d,duplicate,info,duplicate_of=case_01_pan_graphitization:lc:23e369df4f,CN110552084B,24
case_01_pan_graphitization:dup:case_01_pan_graphitization:lc:861d910ee8,case_01_pan_graphitization,case_01_pan_graphitization:lc:861d910ee8,duplicate,info,duplicate_of=case_01_pan_graphitization:lc:955bed7c38,CN108286090B,26
case_01_pan_graphitization:dup:case_01_pan_graphitization:lc:62310ee8c6,case_01_pan_graphitization,case_01_pan_graphitization:lc:62310ee8c6,duplicate,info,duplicate_of=case_01_pan_graphitization:lc:b2a4e5731c,CN111139554A,29
case_01_pan_graphitization:dup:case_01_pan_graphitization:lc:adb16a72e0,case_01_pan_graphitization,case_01_pan_graphitization:lc:adb16a72e0,duplicate,info,duplicate_of=case_01_pan_graphitization:lc:23e369df4f,CN111691011A,30
case_01_pan_graphitization:dup:case_01_pan_graphitization:lc:825dc16a9a,case_01_pan_graphitization,case_01_pan_graphitization:lc:825dc16a9a,duplicate,info,duplicate_of=case_01_pan_graphitization:lc:5a4fe0eda6,CN109468712A,32
case_01_pan_graphitization:dup:case_01_pan_graphitization:lc:60eefa19a6,case_01_pan_graphitization,case_01_pan_graphitization:lc:60eefa19a6,duplicate,info,duplicate_of=case_01_pan_graphitization:lc:23e369df4f,CN110552084A,33
case_01_pan_graphitization:dup:case_01_pan_graphitization:lc:b546233491,case_01_pan_graphitization,case_01_pan_graphitization:lc:b546233491,duplicate,info,duplicate_of=case_01_pan_graphitization:lc:f4c97ded92,CN109023592A,35
case_01_pan_graphitization:dup:case_01_pan_graphitization:lc:5d1b50caa9,case_01_pan_graphitization,case_01_pan_graphitization:lc:5d1b50caa9,duplicate,info,duplicate_of=case_01_pan_graphitization:lc:cd82151943,CN103184588A,37
case_01_pan_graphitization:dup:case_01_pan_graphitization:lc:b683dc26ef,case_01_pan_graphitization,case_01_pan_graphitization:lc:b683dc26ef,duplicate,info,duplicate_of=case_01_pan_graphitization:lc:8bcda8efb0,CN102051711A,39
case_01_pan_graphitization:dup:case_01_pan_graphitization:lc:f8d6391948,case_01_pan_graphitization,case_01_pan_graphitization:lc:f8d6391948,duplicate,info,duplicate_of=case_01_pan_graphitization:lc:c4f6dfb6e4,CN1930332A,40
case_01_pan_graphitization:dup:case_01_pan_graphitization:lc:08caf5bf70,case_01_pan_graphitization,case_01_pan_graphitization:lc:08caf5bf70,duplicate,info,duplicate_of=case_01_pan_graphitization:lc:c4f6dfb6e4,KR20070001180A,41
case_01_pan_graphitization:dup:case_01_pan_graphitization:lc:e7e6efc25f,case_01_pan_graphitization,case_01_pan_graphitization:lc:e7e6efc25f,duplicate,info,duplicate_of=case_01_pan_graphitization:lc:c4f6dfb6e4,WO2005087992A1,42
case_01_pan_graphitization:dup:case_01_pan_graphitization:lc:4884652f38,case_01_pan_graphitization,case_01_pan_graphitization:lc:4884652f38,duplicate,info,duplicate_of=case_01_pan_graphitization:lc:a68fa877b1,CN119287559B,44
case_01_pan_graphitization:dup:case_01_pan_graphitization:lc:63a34d91ed,case_01_pan_graphitization,case_01_pan_graphitization:lc:63a34d91ed,duplicate,info,duplicate_of=case_01_pan_graphitization:lc:7df8ad362b,CN120119505B,46
case_01_pan_graphitization:dup:case_01_pan_graphitization:lc:e02c48f2dd,case_01_pan_graphitization,case_01_pan_graphitization:lc:e02c48f2dd,duplicate,info,duplicate_of=case_01_pan_graphitization:lc:8474696260,CN115881983A,48
case_01_pan_graphitization:dup:case_01_pan_graphitization:lc:f9104f6848,case_01_pan_graphitization,case_01_pan_graphitization:lc:f9104f6848,duplicate,info,duplicate_of=case_01_pan_graphitization:lc:23e369df4f,CN115772719B,53
case_01_pan_graphitization:dup:case_01_pan_graphitization:lc:af2cce7299,case_01_pan_graphitization,case_01_pan_graphitization:lc:af2cce7299,duplicate,info,duplicate_of=case_01_pan_graphitization:lc:02e7d8e6af,CN117569087B,54
case_01_pan_graphitization:dup:case_01_pan_graphitization:lc:d8ecea16e2,case_01_pan_graphitization,case_01_pan_graphitization:lc:d8ecea16e2,duplicate,info,duplicate_of=case_01_pan_graphitization:lc:23e369df4f,CN115772719A,62
case_01_pan_graphitization:dup:case_01_pan_graphitization:lc:71f8e523d0,case_01_pan_graphitization,case_01_pan_graphitization:lc:71f8e523d0,duplicate,info,duplicate_of=case_01_pan_graphitization:lc:72dba6a9be,CN113981569A,63
case_01_pan_graphitization:dup:case_01_pan_graphitization:lc:7b80643b17,case_01_pan_graphitization,case_01_pan_graphitization:lc:7b80643b17,duplicate,info,duplicate_of=case_01_pan_graphitization:lc:9a372de9b8,CN111304784A,68
case_01_pan_graphitization:dup:case_01_pan_graphitization:lc:9df96cd38d,case_01_pan_graphitization,case_01_pan_graphitization:lc:9df96cd38d,duplicate,info,duplicate_of=case_01_pan_graphitization:lc:41e0ef2aab,CN112080816A,70
case_01_pan_graphitization:dup:case_01_pan_graphitization:lc:83b01fb17c,case_01_pan_graphitization,case_01_pan_graphitization:lc:83b01fb17c,duplicate,info,duplicate_of=case_01_pan_graphitization:lc:ae33f34273,CN108642605A,72
case_01_pan_graphitization:dup:case_01_pan_graphitization:lc:867895186e,case_01_pan_graphitization,case_01_pan_graphitization:lc:867895186e,duplicate,info,duplicate_of=case_01_pan_graphitization:lc:cc525c295b,US2014265038A1,78
case_01_pan_graphitization:dup:case_01_pan_graphitization:lc:839050a2a9,case_01_pan_graphitization,case_01_pan_graphitization:lc:839050a2a9,duplicate,info,duplicate_of=case_01_pan_graphitization:lc:3350bb05b6,CN102383224A,80
case_01_pan_graphitization:dup:case_01_pan_graphitization:lc:ae31f41e03,case_01_pan_graphitization,case_01_pan_graphitization:lc:ae31f41e03,duplicate,info,duplicate_of=case_01_pan_graphitization:lc:d019d96ff2,CN101560701A,83
case_01_pan_graphitization:dup:case_01_pan_graphitization:lc:9fa2b6893b,case_01_pan_graphitization,case_01_pan_graphitization:lc:9fa2b6893b,duplicate,info,duplicate_of=case_01_pan_graphitization:lc:98c0172a3a,CN101260575A,84
case_01_pan_graphitization:dup:case_01_pan_graphitization:lc:24107f75e7,case_01_pan_graphitization,case_01_pan_graphitization:lc:24107f75e7,duplicate,info,duplicate_of=case_01_pan_graphitization:lc:57df31e9c2,CN117802592A,92
case_01_pan_graphitization:dup:case_01_pan_graphitization:lc:7c1637ec63,case_01_pan_graphitization,case_01_pan_graphitization:lc:7c1637ec63,duplicate,info,duplicate_of=case_01_pan_graphitization:lc:96d8df5f35,CN116024693A,98
case_01_pan_graphitization:dup:case_01_pan_graphitization:lc:c4a6ad48a2,case_01_pan_graphitization,case_01_pan_graphitization:lc:c4a6ad48a2,duplicate,info,duplicate_of=case_01_pan_graphitization:lc:df01eb7bda,CN116536798A,99
case_01_pan_graphitization:dup:case_01_pan_graphitization:lc:ba47bc254a,case_01_pan_graphitization,case_01_pan_graphitization:lc:ba47bc254a,duplicate,info,duplicate_of=case_01_pan_graphitization:lc:6638af1f26,CN116876115A,100
case_01_pan_graphitization:dup:case_01_pan_graphitization:lc:28c1e87642,case_01_pan_graphitization,case_01_pan_graphitization:lc:28c1e87642,duplicate,info,duplicate_of=case_01_pan_graphitization:lc:b2a4e5731c,CN112725940B,104
case_01_pan_graphitization:dup:case_01_pan_graphitization:lc:e21d761fea,case_01_pan_graphitization,case_01_pan_graphitization:lc:e21d761fea,duplicate,info,duplicate_of=case_01_pan_graphitization:lc:0fc6121a55,CN115404568A,105
case_01_pan_graphitization:dup:case_01_pan_graphitization:lc:eec64b6f1d,case_01_pan_graphitization,case_01_pan_graphitization:lc:eec64b6f1d,duplicate,info,duplicate_of=case_01_pan_graphitization:lc:dc99d8ed08,CN112708968A,109
case_01_pan_graphitization:dup:case_01_pan_graphitization:lc:35b60751a1,case_01_pan_graphitization,case_01_pan_graphitization:lc:35b60751a1,duplicate,info,duplicate_of=case_01_pan_graphitization:lc:52e80a928a,US10961642B2,110
case_01_pan_graphitization:dup:case_01_pan_graphitization:lc:cedd583121,case_01_pan_graphitization,case_01_pan_graphitization:lc:cedd583121,duplicate,info,duplicate_of=case_01_pan_graphitization:lc:1762f3008d,US2021079563A1,112
case_01_pan_graphitization:dup:case_01_pan_graphitization:lc:326da9cd9f,case_01_pan_graphitization,case_01_pan_graphitization:lc:326da9cd9f,duplicate,info,duplicate_of=case_01_pan_graphitization:lc:52e80a928a,US2021198816A1,113
case_01_pan_graphitization:dup:case_01_pan_graphitization:lc:93e8dfd58a,case_01_pan_graphitization,case_01_pan_graphitization:lc:93e8dfd58a,duplicate,info,duplicate_of=case_01_pan_graphitization:lc:8e93d5d294,CN111020750A,114
case_01_pan_graphitization:dup:case_01_pan_graphitization:lc:9e670ce253,case_01_pan_graphitization,case_01_pan_graphitization:lc:9e670ce253,duplicate,info,duplicate_of=case_01_pan_graphitization:lc:da224d1f3c,CN111118671A,115
case_01_pan_graphitization:dup:case_01_pan_graphitization:lc:29321d9cf9,case_01_pan_graphitization,case_01_pan_graphitization:lc:29321d9cf9,duplicate,info,duplicate_of=case_01_pan_graphitization:lc:b72bc67576,CN111218733A,116
case_01_pan_graphitization:dup:case_01_pan_graphitization:lc:6159975fd6,case_01_pan_graphitization,case_01_pan_graphitization:lc:6159975fd6,duplicate,info,duplicate_of=case_01_pan_graphitization:lc:a43e3cba27,CN109402792A,118
case_01_pan_graphitization:dup:case_01_pan_graphitization:lc:e5d118b32c,case_01_pan_graphitization,case_01_pan_graphitization:lc:e5d118b32c,duplicate,info,duplicate_of=case_01_pan_graphitization:lc:1e06f988ed,CN109853089A,119
case_01_pan_graphitization:dup:case_01_pan_graphitization:lc:8c6147afdc,case_01_pan_graphitization,case_01_pan_graphitization:lc:8c6147afdc,duplicate,info,duplicate_of=case_01_pan_graphitization:lc:52e80a928a,US10407802B2,121
case_01_pan_graphitization:dup:case_01_pan_graphitization:lc:929b21ddba,case_01_pan_graphitization,case_01_pan_graphitization:lc:929b21ddba,duplicate,info,duplicate_of=case_01_pan_graphitization:lc:52e80a928a,US2019382925A1,122
case_01_pan_graphitization:dup:case_01_pan_graphitization:lc:514c962d93,case_01_pan_graphitization,case_01_pan_graphitization:lc:514c962d93,duplicate,info,duplicate_of=case_01_pan_graphitization:lc:a693513cc7,US2017067185A1,126
case_01_pan_graphitization:dup:case_01_pan_graphitization:lc:4f68fca519,case_01_pan_graphitization,case_01_pan_graphitization:lc:4f68fca519,duplicate,info,duplicate_of=case_01_pan_graphitization:lc:a12dc5c86c,US2017067186A1,127
case_01_pan_graphitization:dup:case_01_pan_graphitization:lc:871523c32d,case_01_pan_graphitization,case_01_pan_graphitization:lc:871523c32d,duplicate,info,duplicate_of=case_01_pan_graphitization:lc:52e80a928a,US2017191194A1,128
case_01_pan_graphitization:dup:case_01_pan_graphitization:lc:c313536c21,case_01_pan_graphitization,case_01_pan_graphitization:lc:c313536c21,duplicate,info,duplicate_of=case_01_pan_graphitization:lc:817d46e7d1,CN105506785A,129
case_01_pan_graphitization:dup:case_01_pan_graphitization:lc:fe74010e64,case_01_pan_graphitization,case_01_pan_graphitization:lc:fe74010e64,duplicate,info,duplicate_of=case_01_pan_graphitization:lc:e9a9583aa6,CN103074705A,133
case_01_pan_graphitization:dup:case_01_pan_graphitization:lc:d0331bef50,case_01_pan_graphitization,case_01_pan_graphitization:lc:d0331bef50,duplicate,info,duplicate_of=case_01_pan_graphitization:lc:db3de01764,CN102505189A,138
case_01_pan_graphitization:dup:case_01_pan_graphitization:lc:bd5e83baa4,case_01_pan_graphitization,case_01_pan_graphitization:lc:bd5e83baa4,duplicate,info,duplicate_of=case_01_pan_graphitization:lc:ce564a199c,CN102733009A,139
case_01_pan_graphitization:dup:case_01_pan_graphitization:lc:4bb34f0a0b,case_01_pan_graphitization,case_01_pan_graphitization:lc:4bb34f0a0b,duplicate,info,duplicate_of=case_01_pan_graphitization:lc:5bd5788cea,US2007132128A1,144
case_01_pan_graphitization:dup:case_01_pan_graphitization:lc:c827d9101b,case_01_pan_graphitization,case_01_pan_graphitization:lc:c827d9101b,duplicate,info,duplicate_of=case_01_pan_graphitization:lc:5bd5788cea,US2003230194A1,146
case_01_pan_graphitization:dup:case_01_pan_graphitization:lc:6f2eea6a42,case_01_pan_graphitization,case_01_pan_graphitization:lc:6f2eea6a42,duplicate,info,duplicate_of=case_01_pan_graphitization:lc:8c0aff9c4d,CN119465448B,157
case_01_pan_graphitization:dup:case_01_pan_graphitization:lc:be5dc6ccf9,case_01_pan_graphitization,case_01_pan_graphitization:lc:be5dc6ccf9,duplicate,info,duplicate_of=case_01_pan_graphitization:lc:9c065cec75,CN119615421B,159
case_01_pan_graphitization:dup:case_01_pan_graphitization:lc:c4dccf8cdb,case_01_pan_graphitization,case_01_pan_graphitization:lc:c4dccf8cdb,duplicate,info,duplicate_of=case_01_pan_graphitization:lc:df7f8f099d,CN120273066A,163
case_01_pan_graphitization:dup:case_01_pan_graphitization:lc:569c6e17ea,case_01_pan_graphitization,case_01_pan_graphitization:lc:569c6e17ea,duplicate,info,duplicate_of=case_01_pan_graphitization:lc:df01eb7bda,CN120945531A,172
case_01_pan_graphitization:dup:case_01_pan_graphitization:lc:198d88f4df,case_01_pan_graphitization,case_01_pan_graphitization:lc:198d88f4df,duplicate,info,duplicate_of=case_01_pan_graphitization:lc:f9e7fe3bc7,WO2025073230A1,176
case_01_pan_graphitization:dup:case_01_pan_graphitization:lc:a58194b6ca,case_01_pan_graphitization,case_01_pan_graphitization:lc:a58194b6ca,duplicate,info,duplicate_of=case_01_pan_graphitization:lc:da0dbfc6ee,CN115613164B,179
case_01_pan_graphitization:dup:case_01_pan_graphitization:lc:0c15a868f8,case_01_pan_graphitization,case_01_pan_graphitization:lc:0c15a868f8,duplicate,info,duplicate_of=case_01_pan_graphitization:lc:63904c5bce,CN117512816A,182
case_01_pan_graphitization:dup:case_01_pan_graphitization:lc:07c586897c,case_01_pan_graphitization,case_01_pan_graphitization:lc:07c586897c,duplicate,info,duplicate_of=case_01_pan_graphitization:lc:fb40cd89ec,CN118345554A,186
case_01_pan_graphitization:dup:case_01_pan_graphitization:lc:dd8ceb18bb,case_01_pan_graphitization,case_01_pan_graphitization:lc:dd8ceb18bb,duplicate,info,duplicate_of=case_01_pan_graphitization:lc:66267d2087,CN118547508B,188
case_01_pan_graphitization:dup:case_01_pan_graphitization:lc:893b9e3801,case_01_pan_graphitization,case_01_pan_graphitization:lc:893b9e3801,duplicate,info,duplicate_of=case_01_pan_graphitization:lc:beb3792d4b,CN118600729B,190
case_01_pan_graphitization:dup:case_01_pan_graphitization:lc:30c5c9d6d9,case_01_pan_graphitization,case_01_pan_graphitization:lc:30c5c9d6d9,duplicate,info,duplicate_of=case_01_pan_graphitization:lc:24aea4ac4b,CN118685923B,192
case_01_pan_graphitization:dup:case_01_pan_graphitization:lc:9a9b2c01e3,case_01_pan_graphitization,case_01_pan_graphitization:lc:9a9b2c01e3,duplicate,info,duplicate_of=case_01_pan_graphitization:lc:d290634fb6,CN118970074A,193
case_01_pan_graphitization:dup:case_01_pan_graphitization:lc:83077977db,case_01_pan_graphitization,case_01_pan_graphitization:lc:83077977db,duplicate,info,duplicate_of=case_01_pan_graphitization:lc:c7fbf82922,EP4367304A1,195
case_01_pan_graphitization:dup:case_01_pan_graphitization:lc:d5e8375d5f,case_01_pan_graphitization,case_01_pan_graphitization:lc:d5e8375d5f,duplicate,info,duplicate_of=case_01_pan_graphitization:lc:dc99d8ed08,CN111560666B,198
case_01_pan_graphitization:dup:case_01_pan_graphitization:lc:353a3577c5,case_01_pan_graphitization,case_01_pan_graphitization:lc:353a3577c5,duplicate,info,duplicate_of=case_01_pan_graphitization:lc:e548339a15,CN112226851B,199
case_01_pan_graphitization:dup:case_01_pan_graphitization:lc:5c6922f38e,case_01_pan_graphitization,case_01_pan_graphitization:lc:5c6922f38e,duplicate,info,duplicate_of=case_01_pan_graphitization:lc:aa7b7a27d8,CN114481366B,204
case_01_pan_graphitization:dup:case_01_pan_graphitization:lc:8b9b4a8100,case_01_pan_graphitization,case_01_pan_graphitization:lc:8b9b4a8100,duplicate,info,duplicate_of=case_01_pan_graphitization:lc:6e2d323d0b,CN116949605A,211
case_01_pan_graphitization:dup:case_01_pan_graphitization:lc:85886b1ab4,case_01_pan_graphitization,case_01_pan_graphitization:lc:85886b1ab4,duplicate,info,duplicate_of=case_01_pan_graphitization:lc:aa7b7a27d8,WO2023093823A1,214
case_01_pan_graphitization:dup:case_01_pan_graphitization:lc:bd977b8d52,case_01_pan_graphitization,case_01_pan_graphitization:lc:bd977b8d52,duplicate,info,duplicate_of=case_01_pan_graphitization:lc:c7fbf82922,WO2023279169A1,215
case_01_pan_graphitization:dup:case_01_pan_graphitization:lc:db703405ff,case_01_pan_graphitization,case_01_pan_graphitization:lc:db703405ff,duplicate,info,duplicate_of=case_01_pan_graphitization:lc:b2a4e5731c,CN111139554B,216
case_01_pan_graphitization:dup:case_01_pan_graphitization:lc:7c5740d763,case_01_pan_graphitization,case_01_pan_graphitization:lc:7c5740d763,duplicate,info,duplicate_of=case_01_pan_graphitization:lc:325128e47b,CN113373552B,221
case_01_pan_graphitization:dup:case_01_pan_graphitization:lc:c8aa38bc35,case_01_pan_graphitization,case_01_pan_graphitization:lc:c8aa38bc35,duplicate,info,duplicate_of=case_01_pan_graphitization:lc:aaae10565f,CN114351294A,225
case_01_pan_graphitization:dup:case_01_pan_graphitization:lc:3bf9fa2489,case_01_pan_graphitization,case_01_pan_graphitization:lc:3bf9fa2489,duplicate,info,duplicate_of=case_01_pan_graphitization:lc:205a6699d1,CN115386980A,228
case_01_pan_graphitization:dup:case_01_pan_graphitization:lc:96cb8fc567,case_01_pan_graphitization,case_01_pan_graphitization:lc:96cb8fc567,duplicate,info,duplicate_of=case_01_pan_graphitization:lc:94d49bddcc,CN115449925A,229
case_01_pan_graphitization:dup:case_01_pan_graphitization:lc:8f6e88337a,case_01_pan_graphitization,case_01_pan_graphitization:lc:8f6e88337a,duplicate,info,duplicate_of=case_01_pan_graphitization:lc:f3d23e333f,US2022220639A1,231
case_01_pan_graphitization:dup:case_01_pan_graphitization:lc:aa22f8d3f4,case_01_pan_graphitization,case_01_pan_graphitization:lc:aa22f8d3f4,duplicate,info,duplicate_of=case_01_pan_graphitization:lc:c114ff2166,CN111575037B,233
case_01_pan_graphitization:dup:case_01_pan_graphitization:lc:9f8552a300,case_01_pan_graphitization,case_01_pan_graphitization:lc:9f8552a300,duplicate,info,duplicate_of=case_01_pan_graphitization:lc:e548339a15,CN112226851A,235
case_01_pan_graphitization:dup:case_01_pan_graphitization:lc:8ddd8b839c,case_01_pan_graphitization,case_01_pan_graphitization:lc:8ddd8b839c,duplicate,info,duplicate_of=case_01_pan_graphitization:lc:9038b7c5b5,CN112227057A,236
case_01_pan_graphitization:dup:case_01_pan_graphitization:lc:8227310dde,case_01_pan_graphitization,case_01_pan_graphitization:lc:8227310dde,duplicate,info,duplicate_of=case_01_pan_graphitization:lc:ec2af99b98,CN112670094A,237
case_01_pan_graphitization:dup:case_01_pan_graphitization:lc:ca5b4218d4,case_01_pan_graphitization,case_01_pan_graphitization:lc:ca5b4218d4,duplicate,info,duplicate_of=case_01_pan_graphitization:lc:325128e47b,CN113373552A,239
case_01_pan_graphitization:dup:case_01_pan_graphitization:lc:014b457f84,case_01_pan_graphitization,case_01_pan_graphitization:lc:014b457f84,duplicate,info,duplicate_of=case_01_pan_graphitization:lc:0737dcbcf1,CN113388921A,240
case_01_pan_graphitization:dup:case_01_pan_graphitization:lc:7cada55aef,case_01_pan_graphitization,case_01_pan_graphitization:lc:7cada55aef,duplicate,info,duplicate_of=case_01_pan_graphitization:lc:1762f3008d,EP3763856A1,245
case_01_pan_graphitization:dup:case_01_pan_graphitization:lc:acad278f9e,case_01_pan_graphitization,case_01_pan_graphitization:lc:acad278f9e,duplicate,info,duplicate_of=case_01_pan_graphitization:lc:a693513cc7,CN106521716B,246
case_01_pan_graphitization:dup:case_01_pan_graphitization:lc:c3acdb1e6e,case_01_pan_graphitization,case_01_pan_graphitization:lc:c3acdb1e6e,duplicate,info,duplicate_of=case_01_pan_graphitization:lc:ecf43bfa5f,CN111139555A,250
case_01_pan_graphitization:dup:case_01_pan_graphitization:lc:769d31c05e,case_01_pan_graphitization,case_01_pan_graphitization:lc:769d31c05e,duplicate,info,duplicate_of=case_01_pan_graphitization:lc:262af4871c,CN111286816A,251
case_01_pan_graphitization:dup:case_01_pan_graphitization:lc:ea19dd4b9a,case_01_pan_graphitization,case_01_pan_graphitization:lc:ea19dd4b9a,duplicate,info,duplicate_of=case_01_pan_graphitization:lc:43655deb9d,CN111377533B,253
case_01_pan_graphitization:dup:case_01_pan_graphitization:lc:1d22ad9dfc,case_01_pan_graphitization,case_01_pan_graphitization:lc:1d22ad9dfc,duplicate,info,duplicate_of=case_01_pan_graphitization:lc:dc99d8ed08,CN111560666A,254
case_01_pan_graphitization:dup:case_01_pan_graphitization:lc:b5247f8a04,case_01_pan_graphitization,case_01_pan_graphitization:lc:b5247f8a04,duplicate,info,duplicate_of=case_01_pan_graphitization:lc:c114ff2166,CN111575037A,255
case_01_pan_graphitization:dup:case_01_pan_graphitization:lc:83f7a9a172,case_01_pan_graphitization,case_01_pan_graphitization:lc:83f7a9a172,duplicate,info,duplicate_of=case_01_pan_graphitization:lc:ba1efeef09,CN111662407A,256
case_01_pan_graphitization:dup:case_01_pan_graphitization:lc:7e3b0025c8,case_01_pan_graphitization,case_01_pan_graphitization:lc:7e3b0025c8,duplicate,info,duplicate_of=case_01_pan_graphitization:lc:2f356742a2,CN107881600A,268
case_01_pan_graphitization:dup:case_01_pan_graphitization:lc:96930889b3,case_01_pan_graphitization,case_01_pan_graphitization:lc:96930889b3,duplicate,info,duplicate_of=case_01_pan_graphitization:lc:52e80a928a,CN108431310A,270
case_01_pan_graphitization:dup:case_01_pan_graphitization:lc:861703c50b,case_01_pan_graphitization,case_01_pan_graphitization:lc:861703c50b,duplicate,info,duplicate_of=case_01_pan_graphitization:lc:52e80a928a,EP3397797A1,271
case_01_pan_graphitization:dup:case_01_pan_graphitization:lc:ae5728613a,case_01_pan_graphitization,case_01_pan_graphitization:lc:ae5728613a,duplicate,info,duplicate_of=case_01_pan_graphitization:lc:a693513cc7,CN106521716A,274
case_01_pan_graphitization:dup:case_01_pan_graphitization:lc:fd16242355,case_01_pan_graphitization,case_01_pan_graphitization:lc:fd16242355,duplicate,info,duplicate_of=case_01_pan_graphitization:lc:a12dc5c86c,CN106521718A,275
case_01_pan_graphitization:dup:case_01_pan_graphitization:lc:5eeb6291f3,case_01_pan_graphitization,case_01_pan_graphitization:lc:5eeb6291f3,duplicate,info,duplicate_of=case_01_pan_graphitization:lc:406e2ad779,CN106592019A,276
case_01_pan_graphitization:dup:case_01_pan_graphitization:lc:8a21745627,case_01_pan_graphitization,case_01_pan_graphitization:lc:8a21745627,duplicate,info,duplicate_of=case_01_pan_graphitization:lc:74eac55b3d,CN107059242A,280
case_01_pan_graphitization:dup:case_01_pan_graphitization:lc:44133f532d,case_01_pan_graphitization,case_01_pan_graphitization:lc:44133f532d,duplicate,info,duplicate_of=case_01_pan_graphitization:lc:db4c10f856,CN107419365A,281
case_01_pan_graphitization:dup:case_01_pan_graphitization:lc:1d9e36a5d3,case_01_pan_graphitization,case_01_pan_graphitization:lc:1d9e36a5d3,duplicate,info,duplicate_of=case_01_pan_graphitization:lc:52e80a928a,WO2017117544A1,282
case_01_pan_graphitization:dup:case_01_pan_graphitization:lc:0e1b2d9a11,case_01_pan_graphitization,case_01_pan_graphitization:lc:0e1b2d9a11,duplicate,info,duplicate_of=case_01_pan_graphitization:lc:830da474c0,CN105568432A,287
case_01_pan_graphitization:dup:case_01_pan_graphitization:lc:8ecfac29f3,case_01_pan_graphitization,case_01_pan_graphitization:lc:8ecfac29f3,duplicate,info,duplicate_of=case_01_pan_graphitization:lc:f8416a0a66,JP2016040419A,291
case_01_pan_graphitization:dup:case_01_pan_graphitization:lc:d11f98987a,case_01_pan_graphitization,case_01_pan_graphitization:lc:d11f98987a,duplicate,info,duplicate_of=case_01_pan_graphitization:lc:cd82151943,CN103184591B,293
case_01_pan_graphitization:dup:case_01_pan_graphitization:lc:b6db367690,case_01_pan_graphitization,case_01_pan_graphitization:lc:b6db367690,duplicate,info,duplicate_of=case_01_pan_graphitization:lc:9a39f017b8,CN104862828A,295
case_01_pan_graphitization:dup:case_01_pan_graphitization:lc:aeea50f87a,case_01_pan_graphitization,case_01_pan_graphitization:lc:aeea50f87a,duplicate,info,duplicate_of=case_01_pan_graphitization:lc:5c805eaef0,CN102978747A,300
case_01_pan_graphitization:dup:case_01_pan_graphitization:lc:99bce912c3,case_01_pan_graphitization,case_01_pan_graphitization:lc:99bce912c3,duplicate,info,duplicate_of=case_01_pan_graphitization:lc:cd82151943,CN103184591A,301
case_01_pan_graphitization:dup:case_01_pan_graphitization:lc:cbc3e6c7e3,case_01_pan_graphitization,case_01_pan_graphitization:lc:cbc3e6c7e3,duplicate,info,duplicate_of=case_01_pan_graphitization:lc:c89e344dcc,CN102505188A,302
case_01_pan_graphitization:dup:case_01_pan_graphitization:lc:22de9cc768,case_01_pan_graphitization,case_01_pan_graphitization:lc:22de9cc768,duplicate,info,duplicate_of=case_01_pan_graphitization:lc:86dd48aec9,CN101158060A,305
case_01_pan_graphitization:dup:case_01_pan_graphitization:lc:924d552c1e,case_01_pan_graphitization,case_01_pan_graphitization:lc:924d552c1e,duplicate,info,duplicate_of=case_01_pan_graphitization:lc:325128e47b,CN116024680B,310
case_01_pan_graphitization:dup:case_01_pan_graphitization:lc:bb13011686,case_01_pan_graphitization,case_01_pan_graphitization:lc:bb13011686,duplicate,info,duplicate_of=case_01_pan_graphitization:lc:ae33f34273,CN119843393A,312
case_01_pan_graphitization:dup:case_01_pan_graphitization:lc:234501e510,case_01_pan_graphitization,case_01_pan_graphitization:lc:234501e510,duplicate,info,duplicate_of=case_01_pan_graphitization:lc:74172224c6,CN120989768A,315
case_01_pan_graphitization:dup:case_01_pan_graphitization:lc:905a917631,case_01_pan_graphitization,case_01_pan_graphitization:lc:905a917631,duplicate,info,duplicate_of=case_01_pan_graphitization:lc:c0e34b905d,CN117210975B,316
case_01_pan_graphitization:dup:case_01_pan_graphitization:lc:8872f3c974,case_01_pan_graphitization,case_01_pan_graphitization:lc:8872f3c974,duplicate,info,duplicate_of=case_01_pan_graphitization:lc:dd432b8f28,CN117418334A,317
case_01_pan_graphitization:dup:case_01_pan_graphitization:lc:0516055bbe,case_01_pan_graphitization,case_01_pan_graphitization:lc:0516055bbe,duplicate,info,duplicate_of=case_01_pan_graphitization:lc:df01eb7bda,CN117535826A,318
case_01_pan_graphitization:dup:case_01_pan_graphitization:lc:63fb57941f,case_01_pan_graphitization,case_01_pan_graphitization:lc:63fb57941f,duplicate,info,duplicate_of=case_01_pan_graphitization:lc:ea8b1a4bbe,US2024229304A9,324
case_01_pan_graphitization:dup:case_01_pan_graphitization:lc:c4694b889d,case_01_pan_graphitization,case_01_pan_graphitization:lc:c4694b889d,duplicate,info,duplicate_of=case_01_pan_graphitization:lc:325128e47b,CN116024680A,326
case_01_pan_graphitization:dup:case_01_pan_graphitization:lc:6b0c8f717b,case_01_pan_graphitization,case_01_pan_graphitization:lc:6b0c8f717b,duplicate,info,duplicate_of=case_01_pan_graphitization:lc:c0e34b905d,CN117210975A,327
case_01_pan_graphitization:dup:case_01_pan_graphitization:lc:d15c2f7fb5,case_01_pan_graphitization,case_01_pan_graphitization:lc:d15c2f7fb5,duplicate,info,duplicate_of=case_01_pan_graphitization:lc:df01eb7bda,CN115467051A,330
case_01_pan_graphitization:dup:case_01_pan_graphitization:lc:7845a86c2c,case_01_pan_graphitization,case_01_pan_graphitization:lc:7845a86c2c,duplicate,info,duplicate_of=case_01_pan_graphitization:lc:e8ad7d8285,CN112410934A,334
case_01_pan_graphitization:dup:case_01_pan_graphitization:lc:3ffbcefafa,case_01_pan_graphitization,case_01_pan_graphitization:lc:3ffbcefafa,duplicate,info,duplicate_of=case_01_pan_graphitization:lc:8fd899026b,WO2020178149A1,341
case_01_pan_graphitization:dup:case_01_pan_graphitization:lc:74f3fa7fc6,case_01_pan_graphitization,case_01_pan_graphitization:lc:74f3fa7fc6,duplicate,info,duplicate_of=case_01_pan_graphitization:lc:ae33f34273,CN109306552A,345
case_01_pan_graphitization:dup:case_01_pan_graphitization:lc:7a06b73d51,case_01_pan_graphitization,case_01_pan_graphitization:lc:7a06b73d51,duplicate,info,duplicate_of=case_01_pan_graphitization:lc:fb40cd89ec,CN110067044A,347
case_01_pan_graphitization:dup:case_01_pan_graphitization:lc:7fe5d689ee,case_01_pan_graphitization,case_01_pan_graphitization:lc:7fe5d689ee,duplicate,info,duplicate_of=case_01_pan_graphitization:lc:de373b586c,CN110305247A,348
case_01_pan_graphitization:dup:case_01_pan_graphitization:lc:b43b7e0de0,case_01_pan_graphitization,case_01_pan_graphitization:lc:b43b7e0de0,duplicate,info,duplicate_of=case_01_pan_graphitization:lc:1d5ba27a3a,CN108486689A,350
case_01_pan_graphitization:dup:case_01_pan_graphitization:lc:c03dd127b3,case_01_pan_graphitization,case_01_pan_graphitization:lc:c03dd127b3,duplicate,info,duplicate_of=case_01_pan_graphitization:lc:e518fe6820,CN108532028A,351
case_01_pan_graphitization:dup:case_01_pan_graphitization:lc:8382ef9be4,case_01_pan_graphitization,case_01_pan_graphitization:lc:8382ef9be4,duplicate,info,duplicate_of=case_01_pan_graphitization:lc:6dbdc46528,CN108611793A,352
case_01_pan_graphitization:dup:case_01_pan_graphitization:lc:80b5f757c5,case_01_pan_graphitization,case_01_pan_graphitization:lc:80b5f757c5,duplicate,info,duplicate_of=case_01_pan_graphitization:lc:4606263887,CN104805534B,354
case_01_pan_graphitization:dup:case_01_pan_graphitization:lc:9f475c5497,case_01_pan_graphitization,case_01_pan_graphitization:lc:9f475c5497,duplicate,info,duplicate_of=case_01_pan_graphitization:lc:12281c87ab,CN106835365A,357
case_01_pan_graphitization:dup:case_01_pan_graphitization:lc:2d56374025,case_01_pan_graphitization,case_01_pan_graphitization:lc:2d56374025,duplicate,info,duplicate_of=case_01_pan_graphitization:lc:785e59f289,CN105887245A,364
case_01_pan_graphitization:dup:case_01_pan_graphitization:lc:ac921ed39d,case_01_pan_graphitization,case_01_pan_graphitization:lc:ac921ed39d,duplicate,info,duplicate_of=case_01_pan_graphitization:lc:43d6cdaf55,CN104961858A,370
case_01_pan_graphitization:dup:case_01_pan_graphitization:lc:14073adee8,case_01_pan_graphitization,case_01_pan_graphitization:lc:14073adee8,duplicate,info,duplicate_of=case_01_pan_graphitization:lc:5d65c29599,JP2014141761A,374
case_01_pan_graphitization:dup:case_01_pan_graphitization:lc:4b5473d2c0,case_01_pan_graphitization,case_01_pan_graphitization:lc:4b5473d2c0,duplicate,info,duplicate_of=case_01_pan_graphitization:lc:5d65c29599,JP2014141762A,375
case_01_pan_graphitization:dup:case_01_pan_graphitization:lc:fcede2fd7c,case_01_pan_graphitization,case_01_pan_graphitization:lc:fcede2fd7c,duplicate,info,duplicate_of=case_01_pan_graphitization:lc:9e5ca0a60a,CN103451777A,378
case_01_pan_graphitization:dup:case_01_pan_graphitization:lc:e4a71f2746,case_01_pan_graphitization,case_01_pan_graphitization:lc:e4a71f2746,duplicate,info,duplicate_of=case_01_pan_graphitization:lc:6d7ca57cb7,CN102277629A,382
case_01_pan_graphitization:dup:case_01_pan_graphitization:lc:9851b23561,case_01_pan_graphitization,case_01_pan_graphitization:lc:9851b23561,duplicate,info,duplicate_of=case_01_pan_graphitization:lc:820e16f726,US2010143713A1,383
case_01_pan_graphitization:dup:case_01_pan_graphitization:lc:ee78631a46,case_01_pan_graphitization,case_01_pan_graphitization:lc:ee78631a46,duplicate,info,duplicate_of=case_01_pan_graphitization:lc:d019d96ff2,CN101205642A,385
case_01_pan_graphitization:dup:case_01_pan_graphitization:lc:07a88b3269,case_01_pan_graphitization,case_01_pan_graphitization:lc:07a88b3269,duplicate,info,duplicate_of=case_01_pan_graphitization:lc:78d9ee17a0,US6051313A,387
case_01_pan_graphitization:dup:case_01_pan_graphitization:lc:885ba8a2aa,case_01_pan_graphitization,case_01_pan_graphitization:lc:885ba8a2aa,duplicate,info,duplicate_of=case_01_pan_graphitization:lc:ea8b1a4bbe,CN117280087B,388
case_01_pan_graphitization:dup:case_01_pan_graphitization:lc:54c02eee80,case_01_pan_graphitization,case_01_pan_graphitization:lc:54c02eee80,duplicate,info,duplicate_of=case_01_pan_graphitization:lc:a43fca0b95,CN121675220A,391
case_01_pan_graphitization:dup:case_01_pan_graphitization:lc:eda47e5571,case_01_pan_graphitization,case_01_pan_graphitization:lc:eda47e5571,duplicate,info,duplicate_of=case_01_pan_graphitization:lc:5d2f38203c,WO2026041107A1,394
case_01_pan_graphitization:dup:case_01_pan_graphitization:lc:63f78ae3d4,case_01_pan_graphitization,case_01_pan_graphitization:lc:63f78ae3d4,duplicate,info,duplicate_of=case_01_pan_graphitization:lc:da0dbfc6ee,CN119753892A,397
case_01_pan_graphitization:dup:case_01_pan_graphitization:lc:8ce328710e,case_01_pan_graphitization,case_01_pan_graphitization:lc:8ce328710e,duplicate,info,duplicate_of=case_01_pan_graphitization:lc:e20cd613d2,CN120221680B,399
case_01_pan_graphitization:dup:case_01_pan_graphitization:lc:7840c96772,case_01_pan_graphitization,case_01_pan_graphitization:lc:7840c96772,duplicate,info,duplicate_of=case_01_pan_graphitization:lc:ea8b1a4bbe,EP4379100A1,412
case_01_pan_graphitization:dup:case_01_pan_graphitization:lc:615449dd53,case_01_pan_graphitization,case_01_pan_graphitization:lc:615449dd53,duplicate,info,duplicate_of=case_01_pan_graphitization:lc:9da458c29c,KR20240037007A,413
case_01_pan_graphitization:dup:case_01_pan_graphitization:lc:d36fa08e42,case_01_pan_graphitization,case_01_pan_graphitization:lc:d36fa08e42,duplicate,info,duplicate_of=case_01_pan_graphitization:lc:d2b2f966b6,US11873584B2,414
case_01_pan_graphitization:dup:case_01_pan_graphitization:lc:117801f936,case_01_pan_graphitization,case_01_pan_graphitization:lc:117801f936,duplicate,info,duplicate_of=case_01_pan_graphitization:lc:d2b2f966b6,US12180619B2,415
case_01_pan_graphitization:dup:case_01_pan_graphitization:lc:549045c57d,case_01_pan_graphitization,case_01_pan_graphitization:lc:549045c57d,duplicate,info,duplicate_of=case_01_pan_graphitization:lc:d2b2f966b6,US2024125009A1,416
case_01_pan_graphitization:dup:case_01_pan_graphitization:lc:0e41de4753,case_01_pan_graphitization,case_01_pan_graphitization:lc:0e41de4753,duplicate,info,duplicate_of=case_01_pan_graphitization:lc:e9d9461127,CN115595691A,418
case_01_pan_graphitization:dup:case_01_pan_graphitization:lc:f43e82d02e,case_01_pan_graphitization,case_01_pan_graphitization:lc:f43e82d02e,duplicate,info,duplicate_of=case_01_pan_graphitization:lc:7d376fe7e4,CN116103788A,420
case_01_pan_graphitization:dup:case_01_pan_graphitization:lc:0c394de65d,case_01_pan_graphitization,case_01_pan_graphitization:lc:0c394de65d,duplicate,info,duplicate_of=case_01_pan_graphitization:lc:e7ce3cc996,CN116446075A,421
case_01_pan_graphitization:dup:case_01_pan_graphitization:lc:05be9346c5,case_01_pan_graphitization,case_01_pan_graphitization:lc:05be9346c5,duplicate,info,duplicate_of=case_01_pan_graphitization:lc:ec4c7ba174,CN116657285B,423
case_01_pan_graphitization:dup:case_01_pan_graphitization:lc:82bc9bc788,case_01_pan_graphitization,case_01_pan_graphitization:lc:82bc9bc788,duplicate,info,duplicate_of=case_01_pan_graphitization:lc:ea8b1a4bbe,CN117280087A,424
case_01_pan_graphitization:dup:case_01_pan_graphitization:lc:a0415e68e9,case_01_pan_graphitization,case_01_pan_graphitization:lc:a0415e68e9,duplicate,info,duplicate_of=case_01_pan_graphitization:lc:ea8b1a4bbe,WO2023008273A1,425
case_01_pan_graphitization:dup:case_01_pan_graphitization:lc:8a4d77461d,case_01_pan_graphitization,case_01_pan_graphitization:lc:8a4d77461d,duplicate,info,duplicate_of=case_01_pan_graphitization:lc:ded02aaa28,CN114318593A,430
case_01_pan_graphitization:dup:case_01_pan_graphitization:lc:1c68fa6d89,case_01_pan_graphitization,case_01_pan_graphitization:lc:1c68fa6d89,duplicate,info,duplicate_of=case_01_pan_graphitization:lc:76691cb4c8,CN113249826A,434
case_01_pan_graphitization:dup:case_01_pan_graphitization:lc:2bdf35ec3b,case_01_pan_graphitization,case_01_pan_graphitization:lc:2bdf35ec3b,duplicate,info,duplicate_of=case_01_pan_graphitization:lc:47c8f80e07,CN113322713A,435
case_01_pan_graphitization:dup:case_01_pan_graphitization:lc:76155fded0,case_01_pan_graphitization,case_01_pan_graphitization:lc:76155fded0,duplicate,info,duplicate_of=case_01_pan_graphitization:lc:0d9b82e26a,CN110832127A,438
case_01_pan_graphitization:dup:case_01_pan_graphitization:lc:ab57e5906b,case_01_pan_graphitization,case_01_pan_graphitization:lc:ab57e5906b,duplicate,info,duplicate_of=case_01_pan_graphitization:lc:5fa78f5060,CN111648128A,440
case_01_pan_graphitization:dup:case_01_pan_graphitization:lc:01f1922be0,case_01_pan_graphitization,case_01_pan_graphitization:lc:01f1922be0,duplicate,info,duplicate_of=case_01_pan_graphitization:lc:0d9b82e26a,EP3653768A1,442
case_01_pan_graphitization:dup:case_01_pan_graphitization:lc:aa8e27b4a4,case_01_pan_graphitization,case_01_pan_graphitization:lc:aa8e27b4a4,duplicate,info,duplicate_of=case_01_pan_graphitization:lc:57a49818b7,US2020071856A1,444
case_01_pan_graphitization:dup:case_01_pan_graphitization:lc:3ed7ba138f,case_01_pan_graphitization,case_01_pan_graphitization:lc:3ed7ba138f,duplicate,info,duplicate_of=case_01_pan_graphitization:lc:d2b2f966b6,US2020248339A1,445
case_01_pan_graphitization:dup:case_01_pan_graphitization:lc:37cfadf00c,case_01_pan_graphitization,case_01_pan_graphitization:lc:37cfadf00c,duplicate,info,duplicate_of=case_01_pan_graphitization:lc:145887152f,CN109402791A,448
case_01_pan_graphitization:dup:case_01_pan_graphitization:lc:c7a58c495f,case_01_pan_graphitization,case_01_pan_graphitization:lc:c7a58c495f,duplicate,info,duplicate_of=case_01_pan_graphitization:lc:c63fcb5d36,CN109023594A,451
case_01_pan_graphitization:dup:case_01_pan_graphitization:lc:812a48cfe4,case_01_pan_graphitization,case_01_pan_graphitization:lc:812a48cfe4,duplicate,info,duplicate_of=case_01_pan_graphitization:lc:8dda0258a6,US9657413B2,456
case_01_pan_graphitization:dup:case_01_pan_graphitization:lc:2469fd2bd9,case_01_pan_graphitization,case_01_pan_graphitization:lc:2469fd2bd9,duplicate,info,duplicate_of=case_01_pan_graphitization:lc:8dda0258a6,US2016160396A1,458
case_01_pan_graphitization:dup:case_01_pan_graphitization:lc:272c859954,case_01_pan_graphitization,case_01_pan_graphitization:lc:272c859954,duplicate,info,duplicate_of=case_01_pan_graphitization:lc:bcccf1f98e,US2016369426A1,459
case_01_pan_graphitization:dup:case_01_pan_graphitization:lc:e4a73e4cdd,case_01_pan_graphitization,case_01_pan_graphitization:lc:e4a73e4cdd,duplicate,info,duplicate_of=case_01_pan_graphitization:lc:108f94dfc5,CN103668561A,462
case_01_pan_graphitization:dup:case_01_pan_graphitization:lc:19e620ff75,case_01_pan_graphitization,case_01_pan_graphitization:lc:19e620ff75,duplicate,info,duplicate_of=case_01_pan_graphitization:lc:7fae7d1afc,CN103103631A,466
case_01_pan_graphitization:dup:case_01_pan_graphitization:lc:3592522ebf,case_01_pan_graphitization,case_01_pan_graphitization:lc:3592522ebf,duplicate,info,duplicate_of=case_01_pan_graphitization:lc:820e16f726,CN101316956B,469
case_01_pan_graphitization:dup:case_01_pan_graphitization:lc:3d7f9bccac,case_01_pan_graphitization,case_01_pan_graphitization:lc:3d7f9bccac,duplicate,info,duplicate_of=case_01_pan_graphitization:lc:4d61439b90,CN102766989A,471
case_01_pan_graphitization:dup:case_01_pan_graphitization:lc:4287cb373d,case_01_pan_graphitization,case_01_pan_graphitization:lc:4287cb373d,duplicate,info,duplicate_of=case_01_pan_graphitization:lc:b67d9aa6c4,US2012288434A1,472
case_01_pan_graphitization:dup:case_01_pan_graphitization:lc:e33aa4fd54,case_01_pan_graphitization,case_01_pan_graphitization:lc:e33aa4fd54,duplicate,info,duplicate_of=case_01_pan_graphitization:lc:733869f81a,CN102146595A,473
case_01_pan_graphitization:dup:case_01_pan_graphitization:lc:5da0544561,case_01_pan_graphitization,case_01_pan_graphitization:lc:5da0544561,duplicate,info,duplicate_of=case_01_pan_graphitization:lc:264041c544,JP2010168723A,476
case_01_pan_graphitization:dup:case_01_pan_graphitization:lc:7bda50826c,case_01_pan_graphitization,case_01_pan_graphitization:lc:7bda50826c,duplicate,info,duplicate_of=case_01_pan_graphitization:lc:56aac5efec,JP2010168724A,477
case_01_pan_graphitization:dup:case_01_pan_graphitization:lc:5bb343b7bc,case_01_pan_graphitization,case_01_pan_graphitization:lc:5bb343b7bc,duplicate,info,duplicate_of=case_01_pan_graphitization:lc:820e16f726,CN101316956A,480
case_01_pan_graphitization:dup:case_01_pan_graphitization:lc:4e5b4a61e6,case_01_pan_graphitization,case_01_pan_graphitization:lc:4e5b4a61e6,duplicate,info,duplicate_of=case_01_pan_graphitization:lc:820e16f726,EP1961847A1,483
case_01_pan_graphitization:dup:case_01_pan_graphitization:lc:df2d11afcf,case_01_pan_graphitization,case_01_pan_graphitization:lc:df2d11afcf,duplicate,info,duplicate_of=case_01_pan_graphitization:lc:820e16f726,KR20080076937A,486
case_01_pan_graphitization:dup:case_01_pan_graphitization:lc:8d2dd5f417,case_01_pan_graphitization,case_01_pan_graphitization:lc:8d2dd5f417,duplicate,info,duplicate_of=case_01_pan_graphitization:lc:820e16f726,WO2007069511A1,489
case_01_pan_graphitization:dup:case_01_pan_graphitization:lc:d569b9bc18,case_01_pan_graphitization,case_01_pan_graphitization:lc:d569b9bc18,duplicate,info,duplicate_of=case_01_pan_graphitization:lc:c4f6dfb6e4,JP2005256211A,491
case_01_pan_graphitization:dup:case_01_pan_graphitization:lc:1a14647684,case_01_pan_graphitization,case_01_pan_graphitization:lc:1a14647684,duplicate,info,duplicate_of=case_01_pan_graphitization:lc:78d9ee17a0,CN1069357C,493
case_01_pan_graphitization:dup:case_01_pan_graphitization:lc:7b4c4607f1,case_01_pan_graphitization,case_01_pan_graphitization:lc:7b4c4607f1,duplicate,info,duplicate_of=case_01_pan_graphitization:lc:89d9fbf6aa,US2001033035A1,494
case_01_pan_graphitization:dup:case_01_pan_graphitization:lc:fbb4449f59,case_01_pan_graphitization,case_01_pan_graphitization:lc:fbb4449f59,duplicate,info,duplicate_of=case_01_pan_graphitization:lc:9b12a52864,US6027337A,495
case_01_pan_graphitization:dup:case_01_pan_graphitization:lc:af82c55201,case_01_pan_graphitization,case_01_pan_graphitization:lc:af82c55201,duplicate,info,duplicate_of=case_01_pan_graphitization:lc:dd432b8f28,CN117403350B,497
case_01_pan_graphitization:dup:case_01_pan_graphitization:lc:fcf3c4b736,case_01_pan_graphitization,case_01_pan_graphitization:lc:fcf3c4b736,duplicate,info,duplicate_of=case_01_pan_graphitization:lc:c5da210f11,CN121321284B,501
case_01_pan_graphitization:dup:case_01_pan_graphitization:lc:090f1a42fa,case_01_pan_graphitization,case_01_pan_graphitization:lc:090f1a42fa,duplicate,info,duplicate_of=case_01_pan_graphitization:lc:313794414c,CN119308042B,517
case_01_pan_graphitization:dup:case_01_pan_graphitization:lc:eaaff0bd11,case_01_pan_graphitization,case_01_pan_graphitization:lc:eaaff0bd11,duplicate,info,duplicate_of=case_01_pan_graphitization:lc:325128e47b,CN119411259A,519
case_01_pan_graphitization:dup:case_01_pan_graphitization:lc:5bcb5513fd,case_01_pan_graphitization,case_01_pan_graphitization:lc:5bcb5513fd,duplicate,info,duplicate_of=case_01_pan_graphitization:lc:325128e47b,CN119411259B,520
case_01_pan_graphitization:dup:case_01_pan_graphitization:lc:42ed323371,case_01_pan_graphitization,case_01_pan_graphitization:lc:42ed323371,duplicate,info,duplicate_of=case_01_pan_graphitization:lc:2f2a3a1092,CN119615423B,526
case_01_pan_graphitization:dup:case_01_pan_graphitization:lc:680ae9ea67,case_01_pan_graphitization,case_01_pan_graphitization:lc:680ae9ea67,duplicate,info,duplicate_of=case_01_pan_graphitization:lc:23e369df4f,CN119932768A,530
case_01_pan_graphitization:dup:case_01_pan_graphitization:lc:431f222ecd,case_01_pan_graphitization,case_01_pan_graphitization:lc:431f222ecd,duplicate,info,duplicate_of=case_01_pan_graphitization:lc:23e369df4f,CN119932768B,531
case_01_pan_graphitization:dup:case_01_pan_graphitization:lc:df735de42c,case_01_pan_graphitization,case_01_pan_graphitization:lc:df735de42c,duplicate,info,duplicate_of=case_01_pan_graphitization:lc:505c246be1,CN120273070A,537
case_01_pan_graphitization:dup:case_01_pan_graphitization:lc:6706181988,case_01_pan_graphitization,case_01_pan_graphitization:lc:6706181988,duplicate,info,duplicate_of=case_01_pan_graphitization:lc:f9e7fe3bc7,CN117364299A,552
case_01_pan_graphitization:dup:case_01_pan_graphitization:lc:576b8258c0,case_01_pan_graphitization,case_01_pan_graphitization:lc:576b8258c0,duplicate,info,duplicate_of=case_01_pan_graphitization:lc:dd432b8f28,CN117403349A,553
case_01_pan_graphitization:dup:case_01_pan_graphitization:lc:6190eb69cc,case_01_pan_graphitization,case_01_pan_graphitization:lc:6190eb69cc,duplicate,info,duplicate_of=case_01_pan_graphitization:lc:dd432b8f28,CN117403350A,554
case_01_pan_graphitization:dup:case_01_pan_graphitization:lc:f87badeed9,case_01_pan_graphitization,case_01_pan_graphitization:lc:f87badeed9,duplicate,info,duplicate_of=case_01_pan_graphitization:lc:5dc8762b81,CN117535810A,557
case_01_pan_graphitization:dup:case_01_pan_graphitization:lc:a4cc856395,case_01_pan_graphitization,case_01_pan_graphitization:lc:a4cc856395,duplicate,info,duplicate_of=case_01_pan_graphitization:lc:4c08f03828,CN117552188B,559
case_01_pan_graphitization:dup:case_01_pan_graphitization:lc:4c4a2c4926,case_01_pan_graphitization,case_01_pan_graphitization:lc:4c4a2c4926,duplicate,info,duplicate_of=case_01_pan_graphitization:lc:035cab44d8,CN117987964A,563
case_01_pan_graphitization:dup:case_01_pan_graphitization:lc:3154e02c8f,case_01_pan_graphitization,case_01_pan_graphitization:lc:3154e02c8f,duplicate,info,duplicate_of=case_01_pan_graphitization:lc:d8b7b9a6e1,CN118326570B,566
case_01_pan_graphitization:dup:case_01_pan_graphitization:lc:f5ceb701e6,case_01_pan_graphitization,case_01_pan_graphitization:lc:f5ceb701e6,duplicate,info,duplicate_of=case_01_pan_graphitization:lc:2c6c55a3fa,CN118773947B,571
case_01_pan_graphitization:dup:case_01_pan_graphitization:lc:9850d62d86,case_01_pan_graphitization,case_01_pan_graphitization:lc:9850d62d86,duplicate,info,duplicate_of=case_01_pan_graphitization:lc:df7f8f099d,CN118880496A,574
case_01_pan_graphitization:dup:case_01_pan_graphitization:lc:ab9cce942e,case_01_pan_graphitization,case_01_pan_graphitization:lc:ab9cce942e,duplicate,info,duplicate_of=case_01_pan_graphitization:lc:2bb4559399,CN118910769A,575
case_01_pan_graphitization:dup:case_01_pan_graphitization:lc:ceab51497a,case_01_pan_graphitization,case_01_pan_graphitization:lc:ceab51497a,duplicate,info,duplicate_of=case_01_pan_graphitization:lc:9188de438d,WO2024001261A1,582
case_01_pan_graphitization:dup:case_01_pan_graphitization:lc:ce5d2a45c7,case_01_pan_graphitization,case_01_pan_graphitization:lc:ce5d2a45c7,duplicate,info,duplicate_of=case_01_pan_graphitization:lc:d2b2f966b6,CN111344445B,585
case_01_pan_graphitization:dup:case_01_pan_graphitization:lc:dc6fb47a75,case_01_pan_graphitization,case_01_pan_graphitization:lc:dc6fb47a75,duplicate,info,duplicate_of=case_01_pan_graphitization:lc:5d65c29599,CN111788341B,587
case_01_pan_graphitization:dup:case_01_pan_graphitization:lc:1d496b38a6,case_01_pan_graphitization,case_01_pan_graphitization:lc:1d496b38a6,duplicate,info,duplicate_of=case_01_pan_graphitization:lc:da0dbfc6ee,CN115613164A,594
case_01_pan_graphitization:dup:case_01_pan_graphitization:lc:bed7214aab,case_01_pan_graphitization,case_01_pan_graphitization:lc:bed7214aab,duplicate,info,duplicate_of=case_01_pan_graphitization:lc:fe77d50ca0,CN116024701A,595
case_01_pan_graphitization:dup:case_01_pan_graphitization:lc:ef1ab51bb8,case_01_pan_graphitization,case_01_pan_graphitization:lc:ef1ab51bb8,duplicate,info,duplicate_of=case_01_pan_graphitization:lc:043f8b1cba,CN116103790B,597
case_01_pan_graphitization:dup:case_01_pan_graphitization:lc:947397adce,case_01_pan_graphitization,case_01_pan_graphitization:lc:947397adce,duplicate,info,duplicate_of=case_01_pan_graphitization:lc:648d4c842f,CN116657286A,599
case_01_pan_graphitization:dup:case_01_pan_graphitization:lc:2ebe2662f2,case_01_pan_graphitization,case_01_pan_graphitization:lc:2ebe2662f2,duplicate,info,duplicate_of=case_01_pan_graphitization:lc:d2b2f966b6,CN116716684A,602
case_01_pan_graphitization:dup:case_01_pan_graphitization:lc:bc7f602bcd,case_01_pan_graphitization,case_01_pan_graphitization:lc:bc7f602bcd,duplicate,info,duplicate_of=case_01_pan_graphitization:lc:76c4e410fd,CN116770581B,604
case_01_pan_graphitization:dup:case_01_pan_graphitization:lc:20466aac81,case_01_pan_graphitization,case_01_pan_graphitization:lc:20466aac81,duplicate,info,duplicate_of=case_01_pan_graphitization:lc:91d7aba018,CN116876118A,605
case_01_pan_graphitization:dup:case_01_pan_graphitization:lc:9c44dd9c28,case_01_pan_graphitization,case_01_pan_graphitization:lc:9c44dd9c28,duplicate,info,duplicate_of=case_01_pan_graphitization:lc:c8547b3962,CN117303926A,609
case_01_pan_graphitization:dup:case_01_pan_graphitization:lc:d1ea0d0068,case_01_pan_graphitization,case_01_pan_graphitization:lc:d1ea0d0068,duplicate,info,duplicate_of=case_01_pan_graphitization:lc:5bd80968f5,CN117306024A,610
case_01_pan_graphitization:dup:case_01_pan_graphitization:lc:ae07cc632d,case_01_pan_graphitization,case_01_pan_graphitization:lc:ae07cc632d,duplicate,info,duplicate_of=case_01_pan_graphitization:lc:e548339a15,CN111088558B,617
case_01_pan_graphitization:dup:case_01_pan_graphitization:lc:574baeeb9e,case_01_pan_graphitization,case_01_pan_graphitization:lc:574baeeb9e,duplicate,info,duplicate_of=case_01_pan_graphitization:lc:4510c68530,CN113921832B,627
case_01_pan_graphitization:dup:case_01_pan_graphitization:lc:7a0bda1bbd,case_01_pan_graphitization,case_01_pan_graphitization:lc:7a0bda1bbd,duplicate,info,duplicate_of=case_01_pan_graphitization:lc:31470e1d6b,CN114050254A,629
case_01_pan_graphitization:dup:case_01_pan_graphitization:lc:41509036bc,case_01_pan_graphitization,case_01_pan_graphitization:lc:41509036bc,duplicate,info,duplicate_of=case_01_pan_graphitization:lc:d8ec31efd0,CN114457467A,631
case_01_pan_graphitization:dup:case_01_pan_graphitization:lc:9967f63f36,case_01_pan_graphitization,case_01_pan_graphitization:lc:9967f63f36,duplicate,info,duplicate_of=case_01_pan_graphitization:lc:17c82b0556,CN114457469A,632
case_01_pan_graphitization:dup:case_01_pan_graphitization:lc:8e4c9312b8,case_01_pan_graphitization,case_01_pan_graphitization:lc:8e4c9312b8,duplicate,info,duplicate_of=case_01_pan_graphitization:lc:aa7b7a27d8,CN114481366A,633
case_01_pan_graphitization:dup:case_01_pan_graphitization:lc:df39e8b55a,case_01_pan_graphitization,case_01_pan_graphitization:lc:df39e8b55a,duplicate,info,duplicate_of=case_01_pan_graphitization:lc:9b41b50136,CN114643752A,635
case_01_pan_graphitization:dup:case_01_pan_graphitization:lc:00e7647d6c,case_01_pan_graphitization,case_01_pan_graphitization:lc:00e7647d6c,duplicate,info,duplicate_of=case_01_pan_graphitization:lc:8bc0ea7271,CN114849119A,636
case_01_pan_graphitization:dup:case_01_pan_graphitization:lc:75c8eb5ffc,case_01_pan_graphitization,case_01_pan_graphitization:lc:75c8eb5ffc,duplicate,info,duplicate_of=case_01_pan_graphitization:lc:325128e47b,CN114855308A,637
case_01_pan_graphitization:dup:case_01_pan_graphitization:lc:26ec342827,case_01_pan_graphitization,case_01_pan_graphitization:lc:26ec342827,duplicate,info,duplicate_of=case_01_pan_graphitization:lc:17e52c4842,CN115142148A,639
case_01_pan_graphitization:dup:case_01_pan_graphitization:lc:88220ba205,case_01_pan_graphitization,case_01_pan_graphitization:lc:88220ba205,duplicate,info,duplicate_of=case_01_pan_graphitization:lc:f100eb5748,CN115303892A,640
case_01_pan_graphitization:dup:case_01_pan_graphitization:lc:456fe1ed55,case_01_pan_graphitization,case_01_pan_graphitization:lc:456fe1ed55,duplicate,info,duplicate_of=case_01_pan_graphitization:lc:a2c89908d1,CN115323825A,641
case_01_pan_graphitization:dup:case_01_pan_graphitization:lc:36f457aacd,case_01_pan_graphitization,case_01_pan_graphitization:lc:36f457aacd,duplicate,info,duplicate_of=case_01_pan_graphitization:lc:a508fab361,CN115369521A,642
case_01_pan_graphitization:dup:case_01_pan_graphitization:lc:1ce2cff42f,case_01_pan_graphitization,case_01_pan_graphitization:lc:1ce2cff42f,duplicate,info,duplicate_of=case_01_pan_graphitization:lc:8bc0ea7271,CN217828708U,647
case_01_pan_graphitization:dup:case_01_pan_graphitization:lc:e19cb340ac,case_01_pan_graphitization,case_01_pan_graphitization:lc:e19cb340ac,duplicate,info,duplicate_of=case_01_pan_graphitization:lc:054032f99c,CN112447957B,663
case_01_pan_graphitization:dup:case_01_pan_graphitization:lc:9743635b74,case_01_pan_graphitization,case_01_pan_graphitization:lc:9743635b74,duplicate,info,duplicate_of=case_01_pan_graphitization:lc:5749dc26f5,CN112458571A,664
case_01_pan_graphitization:dup:case_01_pan_graphitization:lc:8e990bb6f1,case_01_pan_graphitization,case_01_pan_graphitization:lc:8e990bb6f1,duplicate,info,duplicate_of=case_01_pan_graphitization:lc:9dbe5214da,CN112760752A,668
case_01_pan_graphitization:dup:case_01_pan_graphitization:lc:18c08a901d,case_01_pan_graphitization,case_01_pan_graphitization:lc:18c08a901d,duplicate,info,duplicate_of=case_01_pan_graphitization:lc:ca478c42d8,CN112952132A,670
case_01_pan_graphitization:dup:case_01_pan_graphitization:lc:da47ef5932,case_01_pan_graphitization,case_01_pan_graphitization:lc:da47ef5932,duplicate,info,duplicate_of=case_01_pan_graphitization:lc:c97303b326,CN113417032A,672
case_01_pan_graphitization:dup:case_01_pan_graphitization:lc:2677d5eb95,case_01_pan_graphitization,case_01_pan_graphitization:lc:2677d5eb95,duplicate,info,duplicate_of=case_01_pan_graphitization:lc:5ecdb40b88,CN113417033A,673
case_01_pan_graphitization:dup:case_01_pan_graphitization:lc:c0240a68b4,case_01_pan_graphitization,case_01_pan_graphitization:lc:c0240a68b4,duplicate,info,duplicate_of=case_01_pan_graphitization:lc:419a55b975,CN113470990A,674
case_01_pan_graphitization:dup:case_01_pan_graphitization:lc:23bedd965c,case_01_pan_graphitization,case_01_pan_graphitization:lc:23bedd965c,duplicate,info,duplicate_of=case_01_pan_graphitization:lc:cbc97ddd49,CN113563091A,675
case_01_pan_graphitization:dup:case_01_pan_graphitization:lc:91066d6462,case_01_pan_graphitization,case_01_pan_graphitization:lc:91066d6462,duplicate,info,duplicate_of=case_01_pan_graphitization:lc:af5f7fc6fb,CN113862811A,676
case_01_pan_graphitization:dup:case_01_pan_graphitization:lc:04880a7745,case_01_pan_graphitization,case_01_pan_graphitization:lc:04880a7745,duplicate,info,duplicate_of=case_01_pan_graphitization:lc:c17d0eebba,CN113871212A,677
case_01_pan_graphitization:dup:case_01_pan_graphitization:lc:2726a68079,case_01_pan_graphitization,case_01_pan_graphitization:lc:2726a68079,duplicate,info,duplicate_of=case_01_pan_graphitization:lc:9804244ea6,WO2021232561A1,680
case_01_pan_graphitization:dup:case_01_pan_graphitization:lc:80bda91a9c,case_01_pan_graphitization,case_01_pan_graphitization:lc:80bda91a9c,duplicate,info,duplicate_of=case_01_pan_graphitization:lc:61d8fea4df,CN107740206B,682
case_01_pan_graphitization:dup:case_01_pan_graphitization:lc:61e0a99f2b,case_01_pan_graphitization,case_01_pan_graphitization:lc:61e0a99f2b,duplicate,info,duplicate_of=case_01_pan_graphitization:lc:276af22d79,CN109881280B,688
case_01_pan_graphitization:dup:case_01_pan_graphitization:lc:54148cda7d,case_01_pan_graphitization,case_01_pan_graphitization:lc:54148cda7d,duplicate,info,duplicate_of=case_01_pan_graphitization:lc:58c0f8cd0e,CN110656403A,690
case_01_pan_graphitization:dup:case_01_pan_graphitization:lc:568b25dca0,case_01_pan_graphitization,case_01_pan_graphitization:lc:568b25dca0,duplicate,info,duplicate_of=case_01_pan_graphitization:lc:b01d872342,CN110660985A,691
case_01_pan_graphitization:dup:case_01_pan_graphitization:lc:e3fcc492f4,case_01_pan_graphitization,case_01_pan_graphitization:lc:e3fcc492f4,duplicate,info,duplicate_of=case_01_pan_graphitization:lc:8c80b4623c,CN110820323A,692
case_01_pan_graphitization:dup:case_01_pan_graphitization:lc:c3da79c452,case_01_pan_graphitization,case_01_pan_graphitization:lc:c3da79c452,duplicate,info,duplicate_of=case_01_pan_graphitization:lc:3a6f628e33,CN111088543A,697
case_01_pan_graphitization:dup:case_01_pan_graphitization:lc:41a52d41ad,case_01_pan_graphitization,case_01_pan_graphitization:lc:41a52d41ad,duplicate,info,duplicate_of=case_01_pan_graphitization:lc:e548339a15,CN111088558A,699
case_01_pan_graphitization:dup:case_01_pan_graphitization:lc:245dee6ee5,case_01_pan_graphitization,case_01_pan_graphitization:lc:245dee6ee5,duplicate,info,duplicate_of=case_01_pan_graphitization:lc:b7c9569387,CN111088561A,701
case_01_pan_graphitization:dup:case_01_pan_graphitization:lc:40c3dd293f,case_01_pan_graphitization,case_01_pan_graphitization:lc:40c3dd293f,duplicate,info,duplicate_of=case_01_pan_graphitization:lc:44d62cae60,CN111092203A,702
case_01_pan_graphitization:dup:case_01_pan_graphitization:lc:9de59049d9,case_01_pan_graphitization,case_01_pan_graphitization:lc:9de59049d9,duplicate,info,duplicate_of=case_01_pan_graphitization:lc:8b9f30f69c,CN111100231A,703
case_01_pan_graphitization:dup:case_01_pan_graphitization:lc:f14273d187,case_01_pan_graphitization,case_01_pan_graphitization:lc:f14273d187,duplicate,info,duplicate_of=case_01_pan_graphitization:lc:cd2d44c833,CN111101240A,704
case_01_pan_graphitization:dup:case_01_pan_graphitization:lc:31392eb023,case_01_pan_graphitization,case_01_pan_graphitization:lc:31392eb023,duplicate,info,duplicate_of=case_01_pan_graphitization:lc:535acf52cf,CN111235698A,705
case_01_pan_graphitization:dup:case_01_pan_graphitization:lc:2cbde358e0,case_01_pan_graphitization,case_01_pan_graphitization:lc:2cbde358e0,duplicate,info,duplicate_of=case_01_pan_graphitization:lc:ee7587b372,CN111254521A,706
case_01_pan_graphitization:dup:case_01_pan_graphitization:lc:aa11871835,case_01_pan_graphitization,case_01_pan_graphitization:lc:aa11871835,duplicate,info,duplicate_of=case_01_pan_graphitization:lc:553792e2a6,CN111285949A,707
case_01_pan_graphitization:dup:case_01_pan_graphitization:lc:f7231862ff,case_01_pan_graphitization,case_01_pan_graphitization:lc:f7231862ff,duplicate,info,duplicate_of=case_01_pan_graphitization:lc:d2b2f966b6,CN111344445A,709
case_01_pan_graphitization:dup:case_01_pan_graphitization:lc:2739bae557,case_01_pan_graphitization,case_01_pan_graphitization:lc:2739bae557,duplicate,info,duplicate_of=case_01_pan_graphitization:lc:1c46b4e82e,CN111455499A,710
case_01_pan_graphitization:dup:case_01_pan_graphitization:lc:0e5c13be8b,case_01_pan_graphitization,case_01_pan_graphitization:lc:0e5c13be8b,duplicate,info,duplicate_of=case_01_pan_graphitization:lc:3f12e61d13,CN111477895A,711
case_01_pan_graphitization:dup:case_01_pan_graphitization:lc:451a409d38,case_01_pan_graphitization,case_01_pan_graphitization:lc:451a409d38,duplicate,info,duplicate_of=case_01_pan_graphitization:lc:9804244ea6,CN111575052A,712
case_01_pan_graphitization:dup:case_01_pan_graphitization:lc:1ef57658df,case_01_pan_graphitization,case_01_pan_graphitization:lc:1ef57658df,duplicate,info,duplicate_of=case_01_pan_graphitization:lc:7496409d25,CN111691012B,714
case_01_pan_graphitization:dup:case_01_pan_graphitization:lc:597a1b31ce,case_01_pan_graphitization,case_01_pan_graphitization:lc:597a1b31ce,duplicate,info,duplicate_of=case_01_pan_graphitization:lc:5d65c29599,CN111788341A,715
case_01_pan_graphitization:dup:case_01_pan_graphitization:lc:8be473643a,case_01_pan_graphitization,case_01_pan_graphitization:lc:8be473643a,duplicate,info,duplicate_of=case_01_pan_graphitization:lc:1762f3008d,CN111801450A,716
case_01_pan_graphitization:dup:case_01_pan_graphitization:lc:bffddf66c7,case_01_pan_graphitization,case_01_pan_graphitization:lc:bffddf66c7,duplicate,info,duplicate_of=case_01_pan_graphitization:lc:61d8fea4df,CN111979612A,718
case_01_pan_graphitization:dup:case_01_pan_graphitization:lc:875ce5a989,case_01_pan_graphitization,case_01_pan_graphitization:lc:875ce5a989,duplicate,info,duplicate_of=case_01_pan_graphitization:lc:16c117b87d,CN112011748A,719
case_01_pan_graphitization:dup:case_01_pan_graphitization:lc:055490ce1c,case_01_pan_graphitization,case_01_pan_graphitization:lc:055490ce1c,duplicate,info,duplicate_of=case_01_pan_graphitization:lc:d2b2f966b6,EP3695035A1,720
case_01_pan_graphitization:dup:case_01_pan_graphitization:lc:47d8b4410a,case_01_pan_graphitization,case_01_pan_graphitization:lc:47d8b4410a,duplicate,info,duplicate_of=case_01_pan_graphitization:lc:5d65c29599,JP2020153051A,723
case_01_pan_graphitization:dup:case_01_pan_graphitization:lc:e758ef6af8,case_01_pan_graphitization,case_01_pan_graphitization:lc:e758ef6af8,duplicate,info,duplicate_of=case_01_pan_graphitization:lc:d7370fb6cd,CN109112826A,727
case_01_pan_graphitization:dup:case_01_pan_graphitization:lc:aad335e4f7,case_01_pan_graphitization,case_01_pan_graphitization:lc:aad335e4f7,duplicate,info,duplicate_of=case_01_pan_graphitization:lc:b425842b40,CN109505037A,731
case_01_pan_graphitization:dup:case_01_pan_graphitization:lc:2c544fabba,case_01_pan_graphitization,case_01_pan_graphitization:lc:2c544fabba,duplicate,info,duplicate_of=case_01_pan_graphitization:lc:5a83fd7c7d,CN109671957A,735
case_01_pan_graphitization:dup:case_01_pan_graphitization:lc:e130ad75fc,case_01_pan_graphitization,case_01_pan_graphitization:lc:e130ad75fc,duplicate,info,duplicate_of=case_01_pan_graphitization:lc:57a49818b7,CN110168154A,739
case_01_pan_graphitization:dup:case_01_pan_graphitization:lc:b1c666644c,case_01_pan_graphitization,case_01_pan_graphitization:lc:b1c666644c,duplicate,info,duplicate_of=case_01_pan_graphitization:lc:65481cb8e8,CN110205709A,740
case_01_pan_graphitization:dup:case_01_pan_graphitization:lc:0932fec275,case_01_pan_graphitization,case_01_pan_graphitization:lc:0932fec275,duplicate,info,duplicate_of=case_01_pan_graphitization:lc:d46ef2e2b5,CN110616493A,741
case_01_pan_graphitization:dup:case_01_pan_graphitization:lc:a9bcaf66bc,case_01_pan_graphitization,case_01_pan_graphitization:lc:a9bcaf66bc,duplicate,info,duplicate_of=case_01_pan_graphitization:lc:57a49818b7,EP3540101A1,742
case_01_pan_graphitization:dup:case_01_pan_graphitization:lc:d483f0261d,case_01_pan_graphitization,case_01_pan_graphitization:lc:d483f0261d,duplicate,info,duplicate_of=case_01_pan_graphitization:lc:d2b2f966b6,WO2019071286A1,744
case_01_pan_graphitization:dup:case_01_pan_graphitization:lc:676296a2a1,case_01_pan_graphitization,case_01_pan_graphitization:lc:676296a2a1,duplicate,info,duplicate_of=case_01_pan_graphitization:lc:1762f3008d,WO2019172246A1,745
case_01_pan_graphitization:dup:case_01_pan_graphitization:lc:35e7b24ffa,case_01_pan_graphitization,case_01_pan_graphitization:lc:35e7b24ffa,duplicate,info,duplicate_of=case_01_pan_graphitization:lc:5d65c29599,WO2019172247A1,746
case_01_pan_graphitization:dup:case_01_pan_graphitization:lc:bac2387c2b,case_01_pan_graphitization,case_01_pan_graphitization:lc:bac2387c2b,duplicate,info,duplicate_of=case_01_pan_graphitization:lc:61d8fea4df,CN107740206A,752
case_01_pan_graphitization:dup:case_01_pan_graphitization:lc:da0599371e,case_01_pan_graphitization,case_01_pan_graphitization:lc:da0599371e,duplicate,info,duplicate_of=case_01_pan_graphitization:lc:2e347113ec,CN107881599A,754
case_01_pan_graphitization:dup:case_01_pan_graphitization:lc:cde7a2309f,case_01_pan_graphitization,case_01_pan_graphitization:lc:cde7a2309f,duplicate,info,duplicate_of=case_01_pan_graphitization:lc:3f1b7048bc,CN108396549A,758
case_01_pan_graphitization:dup:case_01_pan_graphitization:lc:a7af8f253e,case_01_pan_graphitization,case_01_pan_graphitization:lc:a7af8f253e,duplicate,info,duplicate_of=case_01_pan_graphitization:lc:43b4e3d140,CN108456950A,760
case_01_pan_graphitization:dup:case_01_pan_graphitization:lc:d803dedaeb,case_01_pan_graphitization,case_01_pan_graphitization:lc:d803dedaeb,duplicate,info,duplicate_of=case_01_pan_graphitization:lc:90f5823f62,CN108486691A,762
case_01_pan_graphitization:dup:case_01_pan_graphitization:lc:eaca1088f6,case_01_pan_graphitization,case_01_pan_graphitization:lc:eaca1088f6,duplicate,info,duplicate_of=case_01_pan_graphitization:lc:6ff2dc6950,CN108560082A,764
case_01_pan_graphitization:dup:case_01_pan_graphitization:lc:3e3f52cd4b,case_01_pan_graphitization,case_01_pan_graphitization:lc:3e3f52cd4b,duplicate,info,duplicate_of=case_01_pan_graphitization:lc:62770528fa,CN108611113A,765
case_01_pan_graphitization:dup:case_01_pan_graphitization:lc:bc2201a201,case_01_pan_graphitization,case_01_pan_graphitization:lc:bc2201a201,duplicate,info,duplicate_of=case_01_pan_graphitization:lc:12265d1798,CN109004205A,771
case_01_pan_graphitization:dup:case_01_pan_graphitization:lc:9c923b950d,case_01_pan_graphitization,case_01_pan_graphitization:lc:9c923b950d,duplicate,info,duplicate_of=case_01_pan_graphitization:lc:f8416a0a66,JP2018090921A,772
case_01_pan_graphitization:dup:case_01_pan_graphitization:lc:465599d95c,case_01_pan_graphitization,case_01_pan_graphitization:lc:465599d95c,duplicate,info,duplicate_of=case_01_pan_graphitization:lc:89a2e43499,US10151051B2,775
case_01_pan_graphitization:dup:case_01_pan_graphitization:lc:2147c96b14,case_01_pan_graphitization,case_01_pan_graphitization:lc:2147c96b14,duplicate,info,duplicate_of=case_01_pan_graphitization:lc:89a2e43499,US2018171511A1,776
case_01_pan_graphitization:dup:case_01_pan_graphitization:lc:34c580a82a,case_01_pan_graphitization,case_01_pan_graphitization:lc:34c580a82a,duplicate,info,duplicate_of=case_01_pan_graphitization:lc:89a2e43499,US9938643B2,778
case_01_pan_graphitization:dup:case_01_pan_graphitization:lc:d0c4026271,case_01_pan_graphitization,case_01_pan_graphitization:lc:d0c4026271,duplicate,info,duplicate_of=case_01_pan_graphitization:lc:61d8fea4df,CN102953152B,779
case_01_pan_graphitization:dup:case_01_pan_graphitization:lc:570019f451,case_01_pan_graphitization,case_01_pan_graphitization:lc:570019f451,duplicate,info,duplicate_of=case_01_pan_graphitization:lc:aaf2429caf,CN106544758A,785
case_01_pan_graphitization:dup:case_01_pan_graphitization:lc:a38670184f,case_01_pan_graphitization,case_01_pan_graphitization:lc:a38670184f,duplicate,info,duplicate_of=case_01_pan_graphitization:lc:8e55e5122c,CN106621565A,787
case_01_pan_graphitization:dup:case_01_pan_graphitization:lc:87c2ba7ec9,case_01_pan_graphitization,case_01_pan_graphitization:lc:87c2ba7ec9,duplicate,info,duplicate_of=case_01_pan_graphitization:lc:ee9d02033b,CN106676676A,788
case_01_pan_graphitization:dup:case_01_pan_graphitization:lc:3128e5e2d6,case_01_pan_graphitization,case_01_pan_graphitization:lc:3128e5e2d6,duplicate,info,duplicate_of=case_01_pan_graphitization:lc:80a861b2ad,CN106958053A,791
case_01_pan_graphitization:dup:case_01_pan_graphitization:lc:2b5af35536,case_01_pan_graphitization,case_01_pan_graphitization:lc:2b5af35536,duplicate,info,duplicate_of=case_01_pan_graphitization:lc:76503f2df0,CN107287699A,794
case_01_pan_graphitization:dup:case_01_pan_graphitization:lc:3cb6d85645,case_01_pan_graphitization,case_01_pan_graphitization:lc:3cb6d85645,duplicate,info,duplicate_of=case_01_pan_graphitization:lc:52e422f48b,CN107354538A,795
case_01_pan_graphitization:dup:case_01_pan_graphitization:lc:7b5119d106,case_01_pan_graphitization,case_01_pan_graphitization:lc:7b5119d106,duplicate,info,duplicate_of=case_01_pan_graphitization:lc:bcccf1f98e,EP3204330A2,796
case_01_pan_graphitization:dup:case_01_pan_graphitization:lc:9cdb73a065,case_01_pan_graphitization,case_01_pan_graphitization:lc:9cdb73a065,duplicate,info,duplicate_of=case_01_pan_graphitization:lc:8dda0258a6,EP3227479A1,797
case_01_pan_graphitization:dup:case_01_pan_graphitization:lc:ee5191cd0b,case_01_pan_graphitization,case_01_pan_graphitization:lc:ee5191cd0b,duplicate,info,duplicate_of=case_01_pan_graphitization:lc:89a2e43499,US2017233900A1,799
case_01_pan_graphitization:dup:case_01_pan_graphitization:lc:44dc5201e8,case_01_pan_graphitization,case_01_pan_graphitization:lc:44dc5201e8,duplicate,info,duplicate_of=case_01_pan_graphitization:lc:865ad626bc,US2017362742A1,800
case_01_pan_graphitization:dup:case_01_pan_graphitization:lc:83c7935405,case_01_pan_graphitization,case_01_pan_graphitization:lc:83c7935405,duplicate,info,duplicate_of=case_01_pan_graphitization:lc:89a2e43499,US9677195B2,801
case_01_pan_graphitization:dup:case_01_pan_graphitization:lc:816ae18361,case_01_pan_graphitization,case_01_pan_graphitization:lc:816ae18361,duplicate,info,duplicate_of=case_01_pan_graphitization:lc:eb2a886e51,CN104693348B,809
case_01_pan_graphitization:dup:case_01_pan_graphitization:lc:68f0e68732,case_01_pan_graphitization,case_01_pan_graphitization:lc:68f0e68732,duplicate,info,duplicate_of=case_01_pan_graphitization:lc:27ec55c577,CN105568430A,811
case_01_pan_graphitization:dup:case_01_pan_graphitization:lc:ffa0048370,case_01_pan_graphitization,case_01_pan_graphitization:lc:ffa0048370,duplicate,info,duplicate_of=case_01_pan_graphitization:lc:62add2d33a,CN105603584A,813
case_01_pan_graphitization:dup:case_01_pan_graphitization:lc:c6f108f8e3,case_01_pan_graphitization,case_01_pan_graphitization:lc:c6f108f8e3,duplicate,info,duplicate_of=case_01_pan_graphitization:lc:882aafa20f,CN106012110A,816
case_01_pan_graphitization:dup:case_01_pan_graphitization:lc:f3e4aef5c0,case_01_pan_graphitization,case_01_pan_graphitization:lc:f3e4aef5c0,duplicate,info,duplicate_of=case_01_pan_graphitization:lc:d85628487f,CN106222803A,818
case_01_pan_graphitization:dup:case_01_pan_graphitization:lc:9f1d90ecd1,case_01_pan_graphitization,case_01_pan_graphitization:lc:9f1d90ecd1,duplicate,info,duplicate_of=case_01_pan_graphitization:lc:444a11750f,US2016186365A1,822
case_01_pan_graphitization:dup:case_01_pan_graphitization:lc:03cd156914,case_01_pan_graphitization,case_01_pan_graphitization:lc:03cd156914,duplicate,info,duplicate_of=case_01_pan_graphitization:lc:89a2e43499,US2016244893A1,823
case_01_pan_graphitization:dup:case_01_pan_graphitization:lc:bdcf8ff67b,case_01_pan_graphitization,case_01_pan_graphitization:lc:bdcf8ff67b,duplicate,info,duplicate_of=case_01_pan_graphitization:lc:865ad626bc,US2016263803A1,824
case_01_pan_graphitization:dup:case_01_pan_graphitization:lc:ec7a005c83,case_01_pan_graphitization,case_01_pan_graphitization:lc:ec7a005c83,duplicate,info,duplicate_of=case_01_pan_graphitization:lc:89a2e43499,US9340905B2,825
case_01_pan_graphitization:dup:case_01_pan_graphitization:lc:94ba1ac3a1,case_01_pan_graphitization,case_01_pan_graphitization:lc:94ba1ac3a1,duplicate,info,duplicate_of=case_01_pan_graphitization:lc:bcccf1f98e,WO2016060929A2,827
case_01_pan_graphitization:dup:case_01_pan_graphitization:lc:f19e6d308e,case_01_pan_graphitization,case_01_pan_graphitization:lc:f19e6d308e,duplicate,info,duplicate_of=case_01_pan_graphitization:lc:bcccf1f98e,WO2016060929A3,828
case_01_pan_graphitization:dup:case_01_pan_graphitization:lc:2446a56be8,case_01_pan_graphitization,case_01_pan_graphitization:lc:2446a56be8,duplicate,info,duplicate_of=case_01_pan_graphitization:lc:8dda0258a6,WO2016089645A1,829
case_01_pan_graphitization:dup:case_01_pan_graphitization:lc:6e6eb58fa1,case_01_pan_graphitization,case_01_pan_graphitization:lc:6e6eb58fa1,duplicate,info,duplicate_of=case_01_pan_graphitization:lc:208b809208,CN104372445A,836
case_01_pan_graphitization:dup:case_01_pan_graphitization:lc:955ff5ae0b,case_01_pan_graphitization,case_01_pan_graphitization:lc:955ff5ae0b,duplicate,info,duplicate_of=case_01_pan_graphitization:lc:93b113ca9a,CN104392847A,838
case_01_pan_graphitization:dup:case_01_pan_graphitization:lc:ab06336707,case_01_pan_graphitization,case_01_pan_graphitization:lc:ab06336707,duplicate,info,duplicate_of=case_01_pan_graphitization:lc:82fb7f657f,CN104651980A,839
case_01_pan_graphitization:dup:case_01_pan_graphitization:lc:d873eb5cad,case_01_pan_graphitization,case_01_pan_graphitization:lc:d873eb5cad,duplicate,info,duplicate_of=case_01_pan_graphitization:lc:5d65c29599,JP2015025221A,846
case_01_pan_graphitization:dup:case_01_pan_graphitization:lc:fdb206fa3e,case_01_pan_graphitization,case_01_pan_graphitization:lc:fdb206fa3e,duplicate,info,duplicate_of=case_01_pan_graphitization:lc:5e5e5ab91e,JP2015183166A,849
case_01_pan_graphitization:dup:case_01_pan_graphitization:lc:bcac86f969,case_01_pan_graphitization,case_01_pan_graphitization:lc:bcac86f969,duplicate,info,duplicate_of=case_01_pan_graphitization:lc:89a2e43499,US2015024200A1,852
case_01_pan_graphitization:dup:case_01_pan_graphitization:lc:1985dd0ccb,case_01_pan_graphitization,case_01_pan_graphitization:lc:1985dd0ccb,duplicate,info,duplicate_of=case_01_pan_graphitization:lc:d02ee7779e,US2015094401A1,853
case_01_pan_graphitization:dup:case_01_pan_graphitization:lc:6258b8ef88,case_01_pan_graphitization,case_01_pan_graphitization:lc:6258b8ef88,duplicate,info,duplicate_of=case_01_pan_graphitization:lc:89a2e43499,US2015315727A1,854
case_01_pan_graphitization:dup:case_01_pan_graphitization:lc:8c5edfbb6f,case_01_pan_graphitization,case_01_pan_graphitization:lc:8c5edfbb6f,duplicate,info,duplicate_of=case_01_pan_graphitization:lc:89a2e43499,US9121112B2,855
case_01_pan_graphitization:dup:case_01_pan_graphitization:lc:6b6cd40862,case_01_pan_graphitization,case_01_pan_graphitization:lc:6b6cd40862,duplicate,info,duplicate_of=case_01_pan_graphitization:lc:612d41e611,CN103606689A,861
case_01_pan_graphitization:dup:case_01_pan_graphitization:lc:c1b9e69f2f,case_01_pan_graphitization,case_01_pan_graphitization:lc:c1b9e69f2f,duplicate,info,duplicate_of=case_01_pan_graphitization:lc:e548339a15,CN103710792A,862
case_01_pan_graphitization:dup:case_01_pan_graphitization:lc:7cd32c165a,case_01_pan_graphitization,case_01_pan_graphitization:lc:7cd32c165a,duplicate,info,duplicate_of=case_01_pan_graphitization:lc:a97fbd0fa5,CN104047070A,865
case_01_pan_graphitization:dup:case_01_pan_graphitization:lc:61e6e45516,case_01_pan_graphitization,case_01_pan_graphitization:lc:61e6e45516,duplicate,info,duplicate_of=case_01_pan_graphitization:lc:8878ff85d7,CN104047073A,867
case_01_pan_graphitization:dup:case_01_pan_graphitization:lc:15f92226e4,case_01_pan_graphitization,case_01_pan_graphitization:lc:15f92226e4,duplicate,info,duplicate_of=case_01_pan_graphitization:lc:caea32bab7,CN104060348A,868
case_01_pan_graphitization:dup:case_01_pan_graphitization:lc:dc191e8d7a,case_01_pan_graphitization,case_01_pan_graphitization:lc:dc191e8d7a,duplicate,info,duplicate_of=case_01_pan_graphitization:lc:342984f369,CN104231159A,870
case_01_pan_graphitization:dup:case_01_pan_graphitization:lc:995d612036,case_01_pan_graphitization,case_01_pan_graphitization:lc:995d612036,duplicate,info,duplicate_of=case_01_pan_graphitization:lc:df7f8f099d,CN104233514A,871
case_01_pan_graphitization:dup:case_01_pan_graphitization:lc:27a8b9fa11,case_01_pan_graphitization,case_01_pan_graphitization:lc:27a8b9fa11,duplicate,info,duplicate_of=case_01_pan_graphitization:lc:89a2e43499,US2014220339A1,878
case_01_pan_graphitization:dup:case_01_pan_graphitization:lc:41176a8ff9,case_01_pan_graphitization,case_01_pan_graphitization:lc:41176a8ff9,duplicate,info,duplicate_of=case_01_pan_graphitization:lc:89a2e43499,US8734754B2,879
case_01_pan_graphitization:dup:case_01_pan_graphitization:lc:1a29d4f0b5,case_01_pan_graphitization,case_01_pan_graphitization:lc:1a29d4f0b5,duplicate,info,duplicate_of=case_01_pan_graphitization:lc:89a2e43499,US8871172B2,880
case_01_pan_graphitization:dup:case_01_pan_graphitization:lc:d5892cc685,case_01_pan_graphitization,case_01_pan_graphitization:lc:d5892cc685,duplicate,info,duplicate_of=case_01_pan_graphitization:lc:e405bce989,CN102912477A,884
case_01_pan_graphitization:dup:case_01_pan_graphitization:lc:57d9014a9e,case_01_pan_graphitization,case_01_pan_graphitization:lc:57d9014a9e,duplicate,info,duplicate_of=case_01_pan_graphitization:lc:61d8fea4df,CN102953151A,885
case_01_pan_graphitization:dup:case_01_pan_graphitization:lc:c08a46aab9,case_01_pan_graphitization,case_01_pan_graphitization:lc:c08a46aab9,duplicate,info,duplicate_of=case_01_pan_graphitization:lc:61d8fea4df,CN102953152A,886
case_01_pan_graphitization:dup:case_01_pan_graphitization:lc:1c58b28c03,case_01_pan_graphitization,case_01_pan_graphitization:lc:1c58b28c03,duplicate,info,duplicate_of=case_01_pan_graphitization:lc:52e422f48b,CN102953153A,887
case_01_pan_graphitization:dup:case_01_pan_graphitization:lc:c7242a5d5c,case_01_pan_graphitization,case_01_pan_graphitization:lc:c7242a5d5c,duplicate,info,duplicate_of=case_01_pan_graphitization:lc:5f36649733,CN102953154A,888
case_01_pan_graphitization:dup:case_01_pan_graphitization:lc:c77bd90ab4,case_01_pan_graphitization,case_01_pan_graphitization:lc:c77bd90ab4,duplicate,info,duplicate_of=case_01_pan_graphitization:lc:61d8fea4df,CN102953155A,889
case_01_pan_graphitization:dup:case_01_pan_graphitization:lc:ff966e7afc,case_01_pan_graphitization,case_01_pan_graphitization:lc:ff966e7afc,duplicate,info,duplicate_of=case_01_pan_graphitization:lc:def7500d74,CN102953157A,891
case_01_pan_graphitization:dup:case_01_pan_graphitization:lc:68db61241f,case_01_pan_graphitization,case_01_pan_graphitization:lc:68db61241f,duplicate,info,duplicate_of=case_01_pan_graphitization:lc:c7ca7fd1ae,CN102953158A,892
case_01_pan_graphitization:dup:case_01_pan_graphitization:lc:771a8c96e6,case_01_pan_graphitization,case_01_pan_graphitization:lc:771a8c96e6,duplicate,info,duplicate_of=case_01_pan_graphitization:lc:dd7aa1e4d6,CN103184589A,893
case_01_pan_graphitization:dup:case_01_pan_graphitization:lc:f523c66de7,case_01_pan_graphitization,case_01_pan_graphitization:lc:f523c66de7,duplicate,info,duplicate_of=case_01_pan_graphitization:lc:3965570610,CN103215692A,894
case_01_pan_graphitization:dup:case_01_pan_graphitization:lc:47b9c8f989,case_01_pan_graphitization,case_01_pan_graphitization:lc:47b9c8f989,duplicate,info,duplicate_of=case_01_pan_graphitization:lc:2e7e63b5be,JP2013256749A,895
case_01_pan_graphitization:dup:case_01_pan_graphitization:lc:5ab52a4dd3,case_01_pan_graphitization,case_01_pan_graphitization:lc:5ab52a4dd3,duplicate,info,duplicate_of=case_01_pan_graphitization:lc:89a2e43499,US2013330551A1,896
case_01_pan_graphitization:dup:case_01_pan_graphitization:lc:59c63d398f,case_01_pan_graphitization,case_01_pan_graphitization:lc:59c63d398f,duplicate,info,duplicate_of=case_01_pan_graphitization:lc:89a2e43499,US8591859B2,897
case_01_pan_graphitization:dup:case_01_pan_graphitization:lc:88a3f58ce4,case_01_pan_graphitization,case_01_pan_graphitization:lc:88a3f58ce4,duplicate,info,duplicate_of=case_01_pan_graphitization:lc:041b308f92,CN102505403A,907
case_01_pan_graphitization:dup:case_01_pan_graphitization:lc:1b5dce16d3,case_01_pan_graphitization,case_01_pan_graphitization:lc:1b5dce16d3,duplicate,info,duplicate_of=case_01_pan_graphitization:lc:e5321e9bb8,CN102534870A,908
case_01_pan_graphitization:dup:case_01_pan_graphitization:lc:47d05e8d9c,case_01_pan_graphitization,case_01_pan_graphitization:lc:47d05e8d9c,duplicate,info,duplicate_of=case_01_pan_graphitization:lc:c681b91281,CN102560746A,909
case_01_pan_graphitization:dup:case_01_pan_graphitization:lc:f1d80e6b96,case_01_pan_graphitization,case_01_pan_graphitization:lc:f1d80e6b96,duplicate,info,duplicate_of=case_01_pan_graphitization:lc:912ec0ca41,CN102691136A,910
case_01_pan_graphitization:dup:case_01_pan_graphitization:lc:219a0094f0,case_01_pan_graphitization,case_01_pan_graphitization:lc:219a0094f0,duplicate,info,duplicate_of=case_01_pan_graphitization:lc:e9aab2a612,CN102704027A,911
case_01_pan_graphitization:dup:case_01_pan_graphitization:lc:326cffc5e9,case_01_pan_graphitization,case_01_pan_graphitization:lc:326cffc5e9,duplicate,info,duplicate_of=case_01_pan_graphitization:lc:043eefa4e8,CN102704043A,912
case_01_pan_graphitization:dup:case_01_pan_graphitization:lc:3bbbc8426c,case_01_pan_graphitization,case_01_pan_graphitization:lc:3bbbc8426c,duplicate,info,duplicate_of=case_01_pan_graphitization:lc:8f9a89d32e,CN102720058A,913
case_01_pan_graphitization:dup:case_01_pan_graphitization:lc:a02fc7066d,case_01_pan_graphitization,case_01_pan_graphitization:lc:a02fc7066d,duplicate,info,duplicate_of=case_01_pan_graphitization:lc:3fa7c37442,CN102758272A,915
case_01_pan_graphitization:dup:case_01_pan_graphitization:lc:8b92fb9a3b,case_01_pan_graphitization,case_01_pan_graphitization:lc:8b92fb9a3b,duplicate,info,duplicate_of=case_01_pan_graphitization:lc:58001f86ed,KR20120048895A,919
case_01_pan_graphitization:dup:case_01_pan_graphitization:lc:a2604ac62c,case_01_pan_graphitization,case_01_pan_graphitization:lc:a2604ac62c,duplicate,info,duplicate_of=case_01_pan_graphitization:lc:feb612947e,WO2011122881A3,923
case_01_pan_graphitization:dup:case_01_pan_graphitization:lc:420d468b5e,case_01_pan_graphitization,case_01_pan_graphitization:lc:420d468b5e,duplicate,info,duplicate_of=case_01_pan_graphitization:lc:e548339a15,CN101597820B,925
case_01_pan_graphitization:dup:case_01_pan_graphitization:lc:ecd0947982,case_01_pan_graphitization,case_01_pan_graphitization:lc:ecd0947982,duplicate,info,duplicate_of=case_01_pan_graphitization:lc:dc99d8ed08,CN101922065B,928
case_01_pan_graphitization:dup:case_01_pan_graphitization:lc:5a075b2747,case_01_pan_graphitization,case_01_pan_graphitization:lc:5a075b2747,duplicate,info,duplicate_of=case_01_pan_graphitization:lc:76cc2b9e72,CN102051712A,930
case_01_pan_graphitization:dup:case_01_pan_graphitization:lc:23acd1054c,case_01_pan_graphitization,case_01_pan_graphitization:lc:23acd1054c,duplicate,info,duplicate_of=case_01_pan_graphitization:lc:b3abd77bf6,CN102094262A,931
case_01_pan_graphitization:dup:case_01_pan_graphitization:lc:bd7d3c7056,case_01_pan_graphitization,case_01_pan_graphitization:lc:bd7d3c7056,duplicate,info,duplicate_of=case_01_pan_graphitization:lc:20a3ec44f2,CN102181963A,932
case_01_pan_graphitization:dup:case_01_pan_graphitization:lc:067cd1884d,case_01_pan_graphitization,case_01_pan_graphitization:lc:067cd1884d,duplicate,info,duplicate_of=case_01_pan_graphitization:lc:52bcec0c7c,CN102285706A,933
case_01_pan_graphitization:dup:case_01_pan_graphitization:lc:1f2f46d83e,case_01_pan_graphitization,case_01_pan_graphitization:lc:1f2f46d83e,duplicate,info,duplicate_of=case_01_pan_graphitization:lc:feb612947e,WO2011122881A2,935
case_01_pan_graphitization:dup:case_01_pan_graphitization:lc:b34702ef58,case_01_pan_graphitization,case_01_pan_graphitization:lc:b34702ef58,duplicate,info,duplicate_of=case_01_pan_graphitization:lc:5358398c5d,CN101671951A,937
case_01_pan_graphitization:dup:case_01_pan_graphitization:lc:635eacd310,case_01_pan_graphitization,case_01_pan_graphitization:lc:635eacd310,duplicate,info,duplicate_of=case_01_pan_graphitization:lc:ea93cd952a,CN101718012A,938
case_01_pan_graphitization:dup:case_01_pan_graphitization:lc:db8c1305c5,case_01_pan_graphitization,case_01_pan_graphitization:lc:db8c1305c5,duplicate,info,duplicate_of=case_01_pan_graphitization:lc:5d6c6e94d1,CN101768791A,940
case_01_pan_graphitization:dup:case_01_pan_graphitization:lc:1765eee0c5,case_01_pan_graphitization,case_01_pan_graphitization:lc:1765eee0c5,duplicate,info,duplicate_of=case_01_pan_graphitization:lc:0f29e18e81,CN101798392A,941
case_01_pan_graphitization:dup:case_01_pan_graphitization:lc:aead9eb7cd,case_01_pan_graphitization,case_01_pan_graphitization:lc:aead9eb7cd,duplicate,info,duplicate_of=case_01_pan_graphitization:lc:8c086fa3b0,CN101798747A,942
case_01_pan_graphitization:dup:case_01_pan_graphitization:lc:eed1d385bb,case_01_pan_graphitization,case_01_pan_graphitization:lc:eed1d385bb,duplicate,info,duplicate_of=case_01_pan_graphitization:lc:3ff3f4829b,CN101805200A,943
case_01_pan_graphitization:dup:case_01_pan_graphitization:lc:4cc4bc461d,case_01_pan_graphitization,case_01_pan_graphitization:lc:4cc4bc461d,duplicate,info,duplicate_of=case_01_pan_graphitization:lc:dc99d8ed08,CN101922065A,946
case_01_pan_graphitization:dup:case_01_pan_graphitization:lc:b53b4f1578,case_01_pan_graphitization,case_01_pan_graphitization:lc:b53b4f1578,duplicate,info,duplicate_of=case_01_pan_graphitization:lc:5ef347894c,US2010252438A1,947
case_01_pan_graphitization:dup:case_01_pan_graphitization:lc:bfa746269d,case_01_pan_graphitization,case_01_pan_graphitization:lc:bfa746269d,duplicate,info,duplicate_of=case_01_pan_graphitization:lc:89a2e43499,US2010254887A1,948
case_01_pan_graphitization:dup:case_01_pan_graphitization:lc:554b8c655d,case_01_pan_graphitization,case_01_pan_graphitization:lc:554b8c655d,duplicate,info,duplicate_of=case_01_pan_graphitization:lc:89a2e43499,US7749479B2,949
case_01_pan_graphitization:dup:case_01_pan_graphitization:lc:a9cf7bb8dc,case_01_pan_graphitization,case_01_pan_graphitization:lc:a9cf7bb8dc,duplicate,info,duplicate_of=case_01_pan_graphitization:lc:5041afbf01,CN101545164A,951
case_01_pan_graphitization:dup:case_01_pan_graphitization:lc:315f45500d,case_01_pan_graphitization,case_01_pan_graphitization:lc:315f45500d,duplicate,info,duplicate_of=case_01_pan_graphitization:lc:05e223fa40,CN101250770A,955
case_01_pan_graphitization:dup:case_01_pan_graphitization:lc:9fee6faf4c,case_01_pan_graphitization,case_01_pan_graphitization:lc:9fee6faf4c,duplicate,info,duplicate_of=case_01_pan_graphitization:lc:89a2e43499,US2008118427A1,957
case_01_pan_graphitization:dup:case_01_pan_graphitization:lc:54105bda31,case_01_pan_graphitization,case_01_pan_graphitization:lc:54105bda31,duplicate,info,duplicate_of=case_01_pan_graphitization:lc:f8416a0a66,JP2007314901A,960
case_01_pan_graphitization:dup:case_01_pan_graphitization:lc:aaa9e01e2b,case_01_pan_graphitization,case_01_pan_graphitization:lc:aaa9e01e2b,duplicate,info,duplicate_of=case_01_pan_graphitization:lc:9c9593730a,CN1676690A,967
case_01_pan_graphitization:dup:case_01_pan_graphitization:lc:6fcb6b9e41,case_01_pan_graphitization,case_01_pan_graphitization:lc:6fcb6b9e41,duplicate,info,duplicate_of=case_01_pan_graphitization:lc:f8416a0a66,JP2003055843A,969
case_01_pan_graphitization:dup:case_01_pan_graphitization:lc:bfcfaefbf0,case_01_pan_graphitization,case_01_pan_graphitization:lc:bfcfaefbf0,duplicate,info,duplicate_of=case_01_pan_graphitization:lc:e548339a15,CN121496612A,972
case_01_pan_graphitization:dup:case_01_pan_graphitization:lc:9fdd96d7a7,case_01_pan_graphitization,case_01_pan_graphitization:lc:9fdd96d7a7,duplicate,info,duplicate_of=case_01_pan_graphitization:lc:d6eec804d9,CN119571488B,981
case_01_pan_graphitization:dup:case_01_pan_graphitization:lc:27e4730300,case_01_pan_graphitization,case_01_pan_graphitization:lc:27e4730300,duplicate,info,duplicate_of=case_01_pan_graphitization:lc:edd274606d,CN119615422B,984
case_01_pan_graphitization:dup:case_01_pan_graphitization:lc:2052e855e8,case_01_pan_graphitization,case_01_pan_graphitization:lc:2052e855e8,duplicate,info,duplicate_of=case_01_pan_graphitization:lc:210721bb71,CN120158845A,987
case_01_pan_graphitization:dup:case_01_pan_graphitization:lc:61b091c895,case_01_pan_graphitization,case_01_pan_graphitization:lc:61b091c895,duplicate,info,duplicate_of=case_01_pan_graphitization:lc:514ff8458a,US12221725B2,994
case_01_pan_graphitization:dup:case_01_pan_graphitization:lc:c45470420d,case_01_pan_graphitization,case_01_pan_graphitization:lc:c45470420d,duplicate,info,duplicate_of=case_01_pan_graphitization:lc:89a2e43499,CN117795142A,998
